Name;Group;Item;Comment;Logged;Type;LogDB;MinRaw;MaxRaw;MinEu;MaxEu;OnMsged;OnMsg;offMsged;OffMsg;Val;AlarmMsg;AlarmLevel;AlarmCase;AlarmConst;DeadBaund;EU;RW
vn1;vn;ВН-1;ТП-374 ввод с Л-46П-20 (нефтебаза);false;11;0;0;1;0;1;true;ВН-1 Включен;true;ВН-1 Выключен;0;;0;0;0;0;0;3
vn2;vn;ВН-2;ТП-357 ввод с Л-5-28 (ст.Деревянка);false;11;0;0;1;0;1;true;ВН-2 Включен;true;ВН-2 Выключен;0;;0;0;0;0;0;3
vn3;vn;ВН-3;ТП-192 КЛ-10 кВ на РП-614 КОС (Южная Промзона);false;11;0;0;1;0;1;true;ВН-3 Включен;true;ВН-3 Выключен;1;;0;0;0;0;0;3
vn4;vn;ВН-4;Секционный между ТП-229 и ТП-230 Л-18П-13 (г-н Бесовец);false;11;0;0;1;0;1;true;ВН-4 Включен;true;ВН-4 Выключен;1;;0;0;0;0;0;3
vn5;vn;ВН-5;ТП-124 ввод в сторону ТП-230 (г-н Бесовец) (ЗН);false;11;0;0;1;0;1;true;ВН-5 Включен;true;ВН-5 Выключен;1;;0;0;0;0;0;3
vn6;vn;ВН-6;ТП-135 ввод Л-18П-2 (п.Чална);false;11;0;0;1;0;1;true;ВН-6 Включен;true;ВН-6 Выключен;1;;0;0;0;0;0;3
vn7;vn;ВН-7;ТП-135 вывод в сторону Падозеро (п.Чална);false;11;0;0;1;0;1;true;ВН-7 Включен;true;ВН-7 Выключен;1;;0;0;0;0;0;3
vn8;vn;ВН-8;ТП-18 ввод с Л-21-14 (ст.Шуйская) (ЗН);false;11;0;0;1;0;1;true;ВН-8 Включен;true;ВН-8 Выключен;1;;0;0;0;0;0;3
vn9;vn;ВН-9;ТП-18 вывод на ТП-19 (ст.Шуйская) (ЗН);false;11;0;0;1;0;1;true;ВН-9 Включен;true;ВН-9 Выключен;1;;0;0;0;0;0;3
vn10;vn;ВН-10;ТП-19 ввод с Л-21-14 (ст.Шуйская);false;11;0;0;1;0;1;true;ВН-10 Включен;true;ВН-10 Выключен;1;;0;0;0;0;0;3
vn11;vn;ВН-11;ТП-19 вывод на ТП-20 и ВС-6 (ст.Шуйская);false;11;0;0;1;0;1;true;ВН-11 Включен;true;ВН-11 Выключен;1;;0;0;0;0;0;3
vn12;vn;ВН-12;ТП-374 ввод Л-79-18 (Южная Промзона);false;11;0;0;1;0;1;true;ВН-12 Включен;true;ВН-12 Выключен;0;;0;0;0;0;0;3
vn13;vn;ВН-13;ТП-375 вывод на ТП-374 2 секция шин (Нефтебаза);false;11;0;0;1;0;1;true;ВН-13 Включен;true;ВН-13 Выключен;1;;0;0;0;0;0;3
vn14;vn;ВН-14;ТП-120 вывод на ТП-350 (г-н Бесовец) (ЗН);false;11;0;0;1;0;1;true;ВН-14 Включен;true;ВН-14 Выключен;1;;0;0;0;0;0;3
vn15;vn;ВН-15;ТП-120 ввод с ТП-117 (1 зона) (г-н Бесовец);false;11;0;0;1;0;1;true;ВН-15 Включен;true;ВН-15 Выключен;1;;0;0;0;0;0;3
vn16;vn;ВН-16;ТП-68 ввод с Л-82-11 (п.Ладва) (ЗН);false;11;0;0;1;0;1;true;ВН-16 Включен;true;ВН-16 Выключен;1;;0;0;0;0;0;3
vn17;vn;ВН-17;ТП-68 вывод на ТП-72 (п.Ладва) (ЗН);false;11;0;0;1;0;1;true;ВН-17 Включен;true;ВН-17 Выключен;1;;0;0;0;0;0;3
vn18;vn;ВН-18;ТП-72 ввод с ТП-68 (п.Ладва) (ЗН);false;11;0;0;1;0;1;true;ВН-18 Включен;true;ВН-18 Выключен;1;;0;0;0;0;0;3
vn19;vn;ВН-19;ТП-72 (п.Ладва) (ЗН);false;11;0;0;1;0;1;true;ВН-19 Включен;true;ВН-19 Выключен;1;;0;0;0;0;0;3
vn20;vn;ВН-20;ТП-375 ввод с ТП-374 1 секция шин (Нефтебаза);false;11;0;0;1;0;1;true;ВН-20 Включен;true;ВН-20 Выключен;1;;0;0;0;0;0;3
vn21;vn;ВН-21;ТП-374 вывод с 1 секции шин на ТП-375 Л-46П-20 (Нефтебаза);false;11;0;0;1;0;1;true;ВН-21 Включен;true;ВН-21 Выключен;1;;0;0;0;0;0;3
vn22;vn;ВН-22;ТП-123 вывод на ТП-38, ТП-37 (г-н Бесовец);false;11;0;0;1;0;1;true;ВН-22 Включен;true;ВН-22 Выключен;1;;0;0;0;0;0;3
vn23;vn;ВН-23;ТП-123 ввод с ТП-246 (г-н Бесовец);false;11;0;0;1;0;1;true;ВН-23 Включен;true;ВН-23 Выключен;1;;0;0;0;0;0;3
vn24;vn;ВН-24;ТП-120 вывод на ТП-246 (Школа) (г-н Бесовец) (ЗН);false;11;0;0;1;0;1;true;ВН-24 Включен;true;ВН-24 Выключен;0;;0;0;0;0;0;3
vn25;vn;ВН-25;ТП-115 ввод с Л-18П-8 (г-н Бесовец) (ЗН);false;11;0;0;1;0;1;true;ВН-25 Включен;true;ВН-25 Выключен;1;;0;0;0;0;0;3
vn26;vn;ВН-26;ТП-115 вывод на ТП-116 ''Гексод'' (г-н Бесовец) (ЗН);false;11;0;0;1;0;1;true;ВН-26 Включен;true;ВН-26 Выключен;1;;0;0;0;0;0;3
vn27;vn;ВН-27;ТП-116 ввод с ТП-115 Л-18П-8 (г-н Бесовец) (ЗН);false;11;0;0;1;0;1;true;ВН-27 Включен;true;ВН-27 Выключен;1;;0;0;0;0;0;3
vn28;vn;ВН-28;ТП-116 вывод с ТП-117 (1 зона) (г-н Бесовец) (ЗН);false;11;0;0;1;0;1;true;ВН-28 Включен;true;ВН-28 Выключен;1;;0;0;0;0;0;3
vn29;vn;ВН-29;ТП-117 ввод с ТП-116 Л-18П-8 (г-н Бесовец);false;11;0;0;1;0;1;true;ВН-29 Включен;true;ВН-29 Выключен;1;;0;0;0;0;0;3
vn30;vn;ВН-30;ТП-117 вывод на ТП-118 ''Зарядная'' (г-н Бесовец);false;11;0;0;1;0;1;true;ВН-30 Включен;true;ВН-30 Выключен;0;;0;0;0;0;0;3
vn31;vn;ВН-31;ТП-118 ввод с ТП-117 Л-18П-8 (г-н Бесовец);false;11;0;0;1;0;1;true;ВН-31 Включен;true;ВН-31 Выключен;1;;0;0;0;0;0;3
vn32;vn;ВН-32;ТП-118 вывод на ТП-121 (2 зона) (г-н Бесовец);false;11;0;0;1;0;1;true;ВН-32 Включен;true;ВН-32 Выключен;1;;0;0;0;0;0;3
vn33;vn;ВН-33;ТП-121 вывод на ТП-118 Л-18П-12 (г-н Бесовец) (ЗН);false;11;0;0;1;0;1;true;ВН-33 Включен;true;ВН-33 Выключен;1;;0;0;0;0;0;3
vn34;vn;ВН-34;ТП-121 ввод с ТП-124 Котельная Л-18П-12 (г-н Бесовец) (ЗН);false;11;0;0;1;0;1;true;ВН-34 Включен;true;ВН-34 Выключен;1;;0;0;0;0;0;3
vn35;vn;ВН-35;ТП-124 вывод на ТП-121 Л-18П-12 (г-н Бесовец) (ЗН);false;11;0;0;1;0;1;true;ВН-35 Включен;true;ВН-35 Выключен;1;;0;0;0;0;0;3
vn36;vn;ВН-36;ТП-124 ввод с Л-18П-12 (г-н Бесовец) (ЗН);false;11;0;0;1;0;1;true;ВН-36 Включен;true;ВН-36 Выключен;0;;0;0;0;0;0;3
vn37;vn;ВН-37;ТП-74 вывод на ТП-64 Л-82-3 (п.Ладва) (ЗН);false;11;0;0;1;0;1;true;ВН-37 Включен;true;ВН-37 Выключен;1;;0;0;0;0;0;3
vn38;vn;ВН-38;ТП-74 ввод с ТП-100 Л-82-3 (п.Ладва) (ЗН);false;11;0;0;1;0;1;true;ВН-38 Включен;true;ВН-38 Выключен;1;;0;0;0;0;0;3
vn39;vn;ВН-39;ТП-64 ввод с ТП-74 (п.Ладва) (ЗН);false;11;0;0;1;0;1;true;ВН-39 Включен;true;ВН-39 Выключен;1;;0;0;0;0;0;3
vn40;vn;ВН-40;ТП-64 вывод с ТП-65 (п.Ладва) (ЗН);false;11;0;0;1;0;1;true;ВН-40 Включен;true;ВН-40 Выключен;1;;0;0;0;0;0;3
vn41;vn;ВН-41;ТП-73 ввод с ТП-65 Л-82-3 (п.Ладва) (ЗН);false;11;0;0;1;0;1;true;ВН-41 Включен;true;ВН-41 Выключен;1;;0;0;0;0;0;3
vn42;vn;ВН-42;ТП-70 ввод с ТП-73 (п.Ладва) (ЗН);false;11;0;0;1;0;1;true;ВН-42 Включен;true;ВН-42 Выключен;1;;0;0;0;0;0;3
vn43;vn;ВН-43;ТП-61 ввод с Л-82-3 (п.Ладва) (ЗН);false;11;0;0;1;0;1;true;ВН-43 Включен;true;ВН-43 Выключен;0;;0;0;0;0;0;3
vn44;vn;ВН-44;ТП-70 вывод на ТП-60 Л-82-3 (п.Ладва) (ЗН);false;11;0;0;1;0;1;true;ВН-44 Включен;true;ВН-44 Выключен;1;;0;0;0;0;0;3
vn45;vn;ВН-45;ТП-130 вывод на ТП-133 Л-18П-9 ТП-135 (п.Чална);false;11;0;0;1;0;1;true;ВН-45 Включен;true;ВН-45 Выключен;0;;0;0;0;0;0;3
vn46;vn;ВН-46;ТП-163 ввод с ТП-168 Л-5-27 (ст.Деревянка) (ЗН);false;11;0;0;1;0;1;true;ВН-46 Включен;true;ВН-46 Выключен;0;;0;0;0;0;0;3
vn47;vn;ВН-47;ТП-163 вывод на ТП-164 (ст.Деревянка) (ЗН);false;11;0;0;1;0;1;true;ВН-47 Включен;true;ВН-47 Выключен;0;;0;0;0;0;0;3
vn48;vn;ВН-48;ТП-164 ввод с ТП-163 (ст.Деревянка) (ЗН);false;11;0;0;1;0;1;true;ВН-48 Включен;true;ВН-48 Выключен;1;;0;0;0;0;0;3
vn49;vn;ВН-49;ТП-164 ввод с Л-5-27 (ст.Деревянка) (ЗН);false;11;0;0;1;0;1;true;ВН-49 Включен;true;ВН-49 Выключен;1;;0;0;0;0;0;3
vn50;vn;ВН-50;ТП-1049 ввод со стороны Р-63 (Заозерье);false;11;0;0;1;0;1;true;ВН-50 Включен;true;ВН-50 Выключен;1;;0;0;0;0;0;3
vn51;vn;ВН-51;ТП-192 ввод с Л-79-18 (Южная Промзона);false;11;0;0;1;0;1;true;ВН-51 Включен;true;ВН-51 Выключен;1;;0;0;0;0;0;3
vn52;vn;ВН-52;ТП-217 ввод с РП-3 Л-82-4 (Ладва-Ветка);false;11;0;0;1;0;1;true;ВН-52 Включен;true;ВН-52 Выключен;0;;0;0;0;0;0;3
vn53;vn;ВН-53;ТП-198 ввод с ТП-125 Л-18П-2 (п.Чална) (ЗН);false;11;0;0;1;0;1;true;ВН-53 Включен;true;ВН-53 Выключен;1;;0;0;0;0;0;3
vn54;vn;ВН-54;ТП-198 вывод на ТП-133, 195 (п.Чална) (ЗН);false;11;0;0;1;0;1;true;ВН-54 Включен;true;ВН-54 Выключен;1;;0;0;0;0;0;3
vn55;vn;ВН-55;ТП-133 ввод с Л-18П-9;false;11;0;0;1;0;1;true;ВН-55 Включен;true;ВН-55 Выключен;0;;0;0;0;0;0;3
vn56;vn;ВН-56;ТП-133 вывод в сторону ТП-134 Л-18П-2;false;11;0;0;1;0;1;true;ВН-56 Включен;true;ВН-56 Выключен;1;;0;0;0;0;0;3
vn57;vn;ВН-57;ТП-104 ввод с ТП-102 Л-21-12 (ЗН);false;11;0;0;1;0;1;true;ВН-57 Включен;true;ВН-57 Выключен;1;;0;0;0;0;0;3
vn58;vn;ВН-58;ТП-7 ввод от Р-57 ЮКЭС (Птицефабрика);false;11;0;0;1;0;1;true;ВН-58 Включен;true;ВН-58 Выключен;1;;0;0;0;0;0;3
vn59;vn;ВН-59;ТП-7 ввод от Р-52 ЮКЭС (Птицефабрика);false;11;0;0;1;0;1;true;ВН-59 Включен;true;ВН-59 Выключен;1;;0;0;0;0;0;3
vn60;vn;ВН-60;ТП-37 ввод с Л-18П-3 со стороны ТП-123 (д.Верховье) (ЗН);false;11;0;0;1;0;1;true;ВН-60 Включен;true;ВН-60 Выключен;1;;0;0;0;0;0;3
vn61;vn;ВН-61;ТП-37 вывод в сторону ВС-27, ТП-28 (д.Верховье) (ЗН);false;11;0;0;1;0;1;true;ВН-61 Включен;true;ВН-61 Выключен;1;;0;0;0;0;0;3
vn62;vn;ВН-62;ТП-111 ввод с Л-18П-9 от П/ст 18П (п.Чална);false;11;0;0;1;0;1;true;ВН-62 Включен;true;ВН-62 Выключен;1;;0;0;0;0;0;3
vn63;vn;ВН-63;ТП-111 вывод в сторону ТП-126 (п.Чална);false;11;0;0;1;0;1;true;ВН-63 Включен;true;ВН-63 Выключен;1;;0;0;0;0;0;3
vn64;vn;ВН-64;ТП-134 ввод с Л-18П-2 от ТП-195;false;11;0;0;1;0;1;true;ВН-64 Включен;true;ВН-64 Выключен;1;;0;0;0;0;0;3
vn65;vn;ВН-65;ТП-133 вывод на Л-18П-9 к ТП-135;false;11;0;0;1;0;1;true;ВН-65 Включен;true;ВН-65 Выключен;0;;0;0;0;0;0;3
vn66;vn;ВН-66;ТП-127 ввод с Л-18П-9 от ТП-126  (п.Чална);false;11;0;0;1;0;1;true;ВН-66 Включен;true;ВН-66 Выключен;1;;0;0;0;0;0;3
vn67;vn;ВН-67;ТП-127 вывод на Л-18П-9 к ТП-138 и ТП-129 (п.Чална);false;11;0;0;1;0;1;true;ВН-67 Включен;true;ВН-67 Выключен;1;;0;0;0;0;0;3
vn68;vn;ВН-68;ТП-127 вывод на Л-18П-9 резерв (п.Чална);false;11;0;0;1;0;1;true;ВН-68 Включен;true;ВН-68 Выключен;0;;0;0;0;0;0;3
vn69;vn;ВН-69;ТП-100 вывод на ТП-74 Л-82-3 (п.Ладва) (ЗН);false;11;0;0;1;0;1;true;ВН-69 Включен;true;ВН-69 Выключен;1;;0;0;0;0;0;3
vn70;vn;ВН-70;ТП-100 ввод с ВС-29 Л-82-3 (п.Ладва) (ЗН);false;11;0;0;1;0;1;true;ВН-70 Включен;true;ВН-70 Выключен;1;;0;0;0;0;0;3
vn71;vn;ВН-71;ТП-168 ввод Л-5-27 (ст.Деревянка) (ЗН);false;11;0;0;1;0;1;true;ВН-71 Включен;true;ВН-71 Выключен;0;;0;0;0;0;0;3
vn72;vn;ВН-72;ТП-168 ввод Л-5-27 (ст.Деревянка) (ЗН);false;11;0;0;1;0;1;true;ВН-72 Включен;true;ВН-72 Выключен;1;;0;0;0;0;0;3
vn73;vn;ВН-73;ТП-168 вывод на ТП-163 (ст.Деревянка) (ЗН);false;11;0;0;1;0;1;true;ВН-73 Включен;true;ВН-73 Выключен;1;;0;0;0;0;0;3
vn74;vn;ВН-74;ТП-352 ввод с Л-5-27 (ст.Деревянка) (ЗН);false;11;0;0;1;0;1;true;ВН-74 Включен;true;ВН-74 Выключен;1;;0;0;0;0;0;3
vn75;vn;ВН-75;ТП-352 ввод с Л-5-27 (ст.Деревянка) (ЗН);false;11;0;0;1;0;1;true;ВН-75 Включен;true;ВН-75 Выключен;1;;0;0;0;0;0;3
vn76;vn;ВН-76;ТП-120 ввод КЛ с РП-2 (г-н Бесовец);false;11;0;0;1;0;1;true;ВН-76 Включен;true;ВН-76 Выключен;1;;0;0;0;0;0;3
vn77;vn;ВН-77;ТП-39 ввод с Л-21-7 от П/ст 21 (п.Шуя);false;11;0;0;1;0;1;true;ВН-77 Включен;true;ВН-77 Выключен;1;;0;0;0;0;0;3
vn78;vn;ВН-78;ТП-61 ввод с Л-82-11 (п.Ладва);false;11;0;0;1;0;1;true;ВН-78 Включен;true;ВН-78 Выключен;1;;0;0;0;0;0;3
vn79;vn;ВН-79;ТП-375 вывод на ТП-376 (Нефтебаза);false;11;0;0;1;0;1;true;ВН-79 Включен;true;ВН-79 Выключен;1;;0;0;0;0;0;3
vn80;vn;ВН-80;ТП-39 вывод с Л-21-7 к ТП-18 (п.Шуя);false;11;0;0;1;0;1;true;ВН-80 Включен;true;ВН-80 Выключен;1;;0;0;0;0;0;3
vn81;vn;ВН-81;ТП-185 с КЛ-52П-12 от ТП-187 (п.Мелиоративный) (ЗН);false;11;0;0;1;0;1;true;ВН-81 Включен;true;ВН-81 Выключен;1;;0;0;0;0;0;3
vn82;vn;ВН-82;ТП-185 ввод КЛ-52П-2 от ТП-187 (п.Мелиоративный) (ЗН);false;11;0;0;1;0;1;true;ВН-82 Включен;true;ВН-82 Выключен;1;;0;0;0;0;0;3
vn83;vn;ВН-83;ТП-126 ввод с Л-18П-9 (п.Чална) (ЗН);false;11;0;0;1;0;1;true;ВН-83 Включен;true;ВН-83 Выключен;1;;0;0;0;0;0;3
vn84;vn;ВН-84;ТП-126 вывод Л-18П-9 на ВС-2 и ТП-127 (п.Чална) (ЗН);false;11;0;0;1;0;1;true;ВН-84 Включен;true;ВН-84 Выключен;1;;0;0;0;0;0;3
vn85;vn;ВН-85;ТП-127 ввод с Л-18П-2 (п.Чална) (ЗН);false;11;0;0;1;0;1;true;ВН-85 Включен;true;ВН-85 Выключен;0;;0;0;0;0;0;3
vn86;vn;ВН-86;(ЗН);false;11;0;0;1;0;1;true;ВН-86 Включен;true;ВН-86 Выключен;0;;0;0;0;0;0;3
vn87;vn;ВН-87;ТП-357 ввод с Л-5-19 (ст.Деревянка) (ЗН);false;11;0;0;1;0;1;true;ВН-87 Включен;true;ВН-87 Выключен;1;;0;0;0;0;0;3
vn88;vn;ВН-88;ТП-357 ввод с Л-5-27 (ст.Деревянка) (ЗН);false;11;0;0;1;0;1;true;ВН-88 Включен;true;ВН-88 Выключен;0;;0;0;0;0;0;3
vn89;vn;ВН-89;ТП-48 ввод с Л-22П-13 (с.Деревянное) (ЗН);false;11;0;0;1;0;1;true;ВН-89 Включен;true;ВН-89 Выключен;1;;0;0;0;0;0;3
vn90;vn;ВН-90;ТП-48 ввод с Л-5-17 (с.Деревянное);false;11;0;0;1;0;1;true;ВН-90 Включен;true;ВН-90 Выключен;1;;0;0;0;0;0;3
vn91;vn;ВН-91;;false;11;0;0;1;0;1;true;ВН-91 Включен;true;ВН-91 Выключен;0;;0;0;0;0;0;3
vn92;vn;ВН-92;ТП-28 ввод со стороны ТП-29 (д.Шуйская Чупа) (ЗН);false;11;0;0;1;0;1;true;ВН-92 Включен;true;ВН-92 Выключен;1;;0;0;0;0;0;3
vn93;vn;ВН-93;ТП-28 ввод с Л-18П-3 от ТП-37 (д.Шуйская Чупа) (ЗН);false;11;0;0;1;0;1;true;ВН-93 Включен;true;ВН-93 Выключен;1;;0;0;0;0;0;3
vn94;vn;ВН-94;ТП-324 ввод с Л-18П-2;false;11;0;0;1;0;1;true;ВН-94 Включен;true;ВН-94 Выключен;1;;0;0;0;0;0;3
vn95;vn;ВН-95;ТП-324 ввод с Л-18П-2 КТП-119;false;11;0;0;1;0;1;true;ВН-95 Включен;true;ВН-95 Выключен;1;;0;0;0;0;0;3
vn96;vn;ВН-96;ТП-24 ввод с Л-2П-15 от ТП-22 (т/б Косалма);false;11;0;0;1;0;1;true;ВН-96 Включен;true;ВН-96 Выключен;1;;0;0;0;0;0;3
vn97;vn;ВН-97;ТП-24 ввод с Л-2П-15 от ВС-11 (т/б Косалма);false;11;0;0;1;0;1;true;ВН-97 Включен;true;ВН-97 Выключен;1;;0;0;0;0;0;3
vn98;vn;ВН-98;Л-21-7 между ТП-33 и ТП-212 (за ст.Шуйская);false;11;0;0;1;0;1;true;ВН-98 Включен;true;ВН-98 Выключен;1;;0;0;0;0;0;3
vn99;vn;ВН-99;ТП-185 вывод на ТП-186 Л-52П-12 (п.Мелиоративный) (ЗН);false;11;0;0;1;0;1;true;ВН-99 Включен;true;ВН-99 Выключен;1;;0;0;0;0;0;3
vn100;vn;ВН-100;ТП-185 вывод на КЛ ТП-186 Л-52П-2 (п.Мелиоративный) (ЗН);false;11;0;0;1;0;1;true;ВН-100 Включен;true;ВН-100 Выключен;1;;0;0;0;0;0;3
vn101;vn;ВН-101;ТП-186 ввод с ТП-185 Л-52П-12 (п.Мелиоративный) (ЗН);false;11;0;0;1;0;1;true;ВН-101 Включен;true;ВН-101 Выключен;1;;0;0;0;0;0;3
vn102;vn;ВН-102;ТП-186 ввод с ТП-185 Л-52П-2 (п.Мелиоративный) (ЗН);false;11;0;0;1;0;1;true;ВН-102 Включен;true;ВН-102 Выключен;1;;0;0;0;0;0;3
vn103;vn;ВН-103;ТП-41 вывод с ТП-2 Л-5-17 (с.Деревянное);false;11;0;0;1;0;1;true;ВН-103 Включен;true;ВН-103 Выключен;0;;0;0;0;0;0;3
vn104;vn;ВН-104;ТП-117 ввод с ТП-120 Л-18П-3 (г-н Бесовец);false;11;0;0;1;0;1;true;ВН-104 Включен;true;ВН-104 Выключен;1;;0;0;0;0;0;3
vn105;vn;ВН-105;ТП-375 вывод на ТП-378 (Нефтебаза);false;11;0;0;1;0;1;true;ВН-105 Включен;true;ВН-105 Выключен;1;;0;0;0;0;0;3
vn106;vn;ВН-106;ТП-43 ввод с ТП-48 Л-22П-13 (с.Деревянное) (ЗН);false;11;0;0;1;0;1;true;ВН-106 Включен;true;ВН-106 Выключен;1;;0;0;0;0;0;3
vn107;vn;ВН-107;ТП-43 ввод с ТП-2 Л-5-17 (с.Деревянное) (ЗН);false;11;0;0;1;0;1;true;ВН-107 Включен;true;ВН-107 Выключен;1;;0;0;0;0;0;3
vn108;vn;ВН-108;ТП-125 ввод с Л-18П-2 (п.Чална) (ЗН);false;11;0;0;1;0;1;true;ВН-108 Включен;true;ВН-108 Выключен;1;;0;0;0;0;0;3
vn109;vn;ВН-109;ТП-125 вывод Л-18П-2 к ТП-196, ВС-2 (п.Чална) (ЗН);false;11;0;0;1;0;1;true;ВН-109 Включен;true;ВН-109 Выключен;1;;0;0;0;0;0;3
vn110;vn;ВН-110;ТП-50 ввод с Л-38П-2 (Лососинное) (ЗН);false;11;0;0;1;0;1;true;ВН-110 Включен;true;ВН-110 Выключен;1;;0;0;0;0;0;3
vn111;vn;ВН-111;ТП-50 ввод с Л-38П-1 (Лососинное) (ЗН);false;11;0;0;1;0;1;true;ВН-111 Включен;true;ВН-111 Выключен;0;;0;0;0;0;0;3
vn112;vn;ВН-112;ТП-57 ввод с Л-82-11 от ТП-61 (п.Ладва);false;11;0;0;1;0;1;true;ВН-112 Включен;true;ВН-112 Выключен;1;;0;0;0;0;0;3
vn113;vn;ВН-113;ТП-57 вывод с Л-82-11 на ТП-66 (п.Ладва);false;11;0;0;1;0;1;true;ВН-113 Включен;true;ВН-113 Выключен;1;;0;0;0;0;0;3
vn114;vn;ВН-114;ТП-66 ввод  Л-82-11 с ТП-57 (п.Ладва);false;11;0;0;1;0;1;true;ВН-114 Включен;true;ВН-114 Выключен;1;;0;0;0;0;0;3
vn115;vn;ВН-115;ТП-66 вывод Л-82-11 в сторону ТП-60 и ТП-68 (п.Ладва);false;11;0;0;1;0;1;true;ВН-115 Включен;true;ВН-115 Выключен;1;;0;0;0;0;0;3
vn116;vn;ВН-116;РП-10 кВ ''Котельная'' ввод с ТП-185 (п.Мелиоративный) (ЗН);false;11;0;0;1;0;1;true;ВН-116 Включен;true;ВН-116 Выключен;1;;0;0;0;0;0;3
vn117;vn;ВН-117;РП-10 кВ ''Котельная'' ввод Л-52П-13 от П/ст 52П (п.Мелиоративный) (ЗН);false;11;0;0;1;0;1;true;ВН-117 Включен;true;ВН-117 Выключен;1;;0;0;0;0;0;3
vn118;vn;ВН-118;ТП-185 вывод на РП-10 кВ ''Котельная'' (п.Мелиоративный);false;11;0;0;1;0;1;true;ВН-118 Включен;true;ВН-118 Выключен;0;;0;0;0;0;0;3
vn119;vn;ВН-119;ТП-191 вывод на ТП-186 (п.Мелиоративный);false;11;0;0;1;0;1;true;ВН-119 Включен;true;ВН-119 Выключен;1;;0;0;0;0;0;3
vn120;vn;ВН-120;ТП-191 вывод на ТП-189 (п.Мелиоративный);false;11;0;0;1;0;1;true;ВН-120 Включен;true;ВН-120 Выключен;1;;0;0;0;0;0;3
vn121;vn;ВН-121;ТП-311 ввод на ВН-123 ТП-312 Л-82-3 (п.Ладва);false;11;0;0;1;0;1;true;ВН-121 Включен;true;ВН-121 Выключен;1;;0;0;0;0;0;3
vn122;vn;ВН-122;ТП-311 РМД-1 ввод с Л-82-3 (п.Ладва);false;11;0;0;1;0;1;true;ВН-122 Включен;true;ВН-122 Выключен;0;;0;0;0;0;0;3
vn123;vn;ВН-123;ТП-312 РМД-2 вывод на ВН-121 ТП-311 (п.Ладва);false;11;0;0;1;0;1;true;ВН-123 Включен;true;ВН-123 Выключен;1;;0;0;0;0;0;3
vn124;vn;ВН-124;ТП-312 РМД-2 вывод на Л-82-3 на ТП-100 (п.Ладва);false;11;0;0;1;0;1;true;ВН-124 Включен;true;ВН-124 Выключен;0;;0;0;0;0;0;3
vn125;vn;ВН-125;ТП-209 ввод Л-22П-1 с ТП-77 (д.Падозеро);false;11;0;0;1;0;1;true;ВН-125 Включен;true;ВН-125 Выключен;0;;0;0;0;0;0;3
vn126;vn;ВН-126;ТП-209 Л-22П-1 ТП-80;false;11;0;0;1;0;1;true;ВН-126 Включен;true;ВН-126 Выключен;0;;0;0;0;0;0;3
vn127;vn;ВН-127;ТП-58 ввод Л-38П-1 от ТП-50 с ВН-111 (Лососинное) (ЗН);false;11;0;0;1;0;1;true;ВН-127 Включен;true;ВН-127 Выключен;1;;0;0;0;0;0;3
vn128;vn;ВН-128;ТП-58 ввод Л-38П-2 от ТП-50 с ВН-110 (Лососинное) (ЗН);false;11;0;0;1;0;1;true;ВН-128 Включен;true;ВН-128 Выключен;1;;0;0;0;0;0;3
vn129;vn;ВН-129;ТП-80 ввод Л-22П-1 от ТП-209 (Пухта);false;11;0;0;1;0;1;true;ВН-129 Включен;true;ВН-129 Выключен;1;;0;0;0;0;0;3
vn130;vn;ВН-130;ТП-80 вывод Л-22П-1 к ТП-72 (Пухта);false;11;0;0;1;0;1;true;ВН-130 Включен;true;ВН-130 Выключен;1;;0;0;0;0;0;3
vn131;vn;ВН-131;ТП-129 ввод Л-18П-9 с ТП-127 (п.Чална) (ЗН);false;11;0;0;1;0;1;true;ВН-131 Включен;true;ВН-131 Выключен;1;;0;0;0;0;0;3
vn132;vn;ВН-132;ТП-129 вывод Л-18П-9 к ТП-130 (п.Чална) (ЗН);false;11;0;0;1;0;1;true;ВН-132 Включен;true;ВН-132 Выключен;1;;0;0;0;0;0;3
vn133;vn;ВН-133;ТП-112 ввод Л-18П-2;false;11;0;0;1;0;1;true;ВН-133 Включен;true;ВН-133 Выключен;1;;0;0;0;0;0;3
vn134;vn;ВН-134;ТП-112 вывод Л-18П-2 к ТП-113;false;11;0;0;1;0;1;true;ВН-134 Включен;true;ВН-134 Выключен;1;;0;0;0;0;0;3
vn135;vn;ВН-135;РП-10 кВ ''Котельная'' вывод на ТП-173 Т-2 (п.Мелиоративный) (ЗН);false;11;0;0;1;0;1;true;ВН-135 Включен;true;ВН-135 Выключен;1;;0;0;0;0;0;3
vn136;vn;ВН-136;РП-10 кВ ''Котельная'' вывод на ТП-173 Т-1 (п.Мелиоративный) (ЗН);false;11;0;0;1;0;1;true;ВН-136 Включен;true;ВН-136 Выключен;0;;0;0;0;0;0;3
vn137;vn;ВН-137;ТП-187 ввод с Л-52П-2 (п.Мелиоративный) (ЗН);false;11;0;0;1;0;1;true;ВН-137 Включен;true;ВН-137 Выключен;1;;0;0;0;0;0;3
vn138;vn;ВН-138;ТП-187 ввод с Л-52П-12 (п.Мелиоративный) (ЗН);false;11;0;0;1;0;1;true;ВН-138 Включен;true;ВН-138 Выключен;1;;0;0;0;0;0;3
vn139;vn;ВН-139;ТП-187 вывод Л-52П-12 к ТП-183 (п.Мелиоративный) (ЗН);false;11;0;0;1;0;1;true;ВН-139 Включен;true;ВН-139 Выключен;1;;0;0;0;0;0;3
vn140;vn;ВН-140;ВН-140;false;11;0;0;1;0;1;true;ВН-140 Включен;true;ВН-140 Выключен;0;;0;0;0;0;0;3
vn141;vn;ВН-141;ТП-83 ввод Л-6-2 (п.Пай);false;11;0;0;1;0;1;true;ВН-141 Включен;true;ВН-141 Выключен;0;;0;0;0;0;0;3
vn142;vn;ВН-142;ТП-83 ввод Л-6-2 резерв (п.Пай);false;11;0;0;1;0;1;true;ВН-142 Включен;true;ВН-142 Выключен;0;;0;0;0;0;0;3
vn143;vn;ВН-143;ТП-94 ввод с Л-82-4 от ТП-93 (п.Ладва-Ветка);false;11;0;0;1;0;1;true;ВН-143 Включен;true;ВН-143 Выключен;1;;0;0;0;0;0;3
vn144;vn;ВН-144;ТП-94 вывод Л-82-4 к ТП-217 и ВС-13 (п.Ладва-Ветка);false;11;0;0;1;0;1;true;ВН-144 Включен;true;ВН-144 Выключен;1;;0;0;0;0;0;3
vn145;vn;ВН-145;ТП-60 ввод Л-82-11 от ТП-66 (п.Ладва);false;11;0;0;1;0;1;true;ВН-145 Включен;true;ВН-145 Выключен;1;;0;0;0;0;0;3
vn146;vn;ВН-146;ТП-60 ввод Л-82-3 от ТП-70 (п.Ладва);false;11;0;0;1;0;1;true;ВН-146 Включен;true;ВН-146 Выключен;1;;0;0;0;0;0;3
vn147;vn;ВН-147;ТП-44 ввод Л-46П-19 от ТП-48 (с.Деревянное);false;11;0;0;1;0;1;true;ВН-147 Включен;true;ВН-147 Выключен;1;;0;0;0;0;0;3
vn148;vn;ВН-148;ТП-44 вывод Л-46П-19 от ТП-45 (с.Деревянное);false;11;0;0;1;0;1;true;ВН-148 Включен;true;ВН-148 Выключен;1;;0;0;0;0;0;3
vn149;vn;ВН-149;ВН-149;false;11;0;0;1;0;1;true;ВН-149 Включен;true;ВН-149 Выключен;0;;0;0;0;0;0;3
vn150;vn;ВН-150;ТП-189 ввод Л-52П-5 (п.Мелиоративный) (ЗН);false;11;0;0;1;0;1;true;ВН-150 Включен;true;ВН-150 Выключен;0;;0;0;0;0;0;3
vn151;vn;ВН-151;ТП-189 вывод Л-52П-5 к ТП-191 (п.Мелиоративный) (ЗН);false;11;0;0;1;0;1;true;ВН-151 Включен;true;ВН-151 Выключен;0;;0;0;0;0;0;3
vn152;vn;ВН-152;ТП-186 вывод к ТП-245 (п.Мелиоративный);false;11;0;0;1;0;1;true;ВН-152 Включен;true;ВН-152 Выключен;1;;0;0;0;0;0;3
vn153;vn;ВН-153;ТП-186 вывод к ТП-244 (п.Мелиоративный);false;11;0;0;1;0;1;true;ВН-153 Включен;true;ВН-153 Выключен;1;;0;0;0;0;0;3
vn154;vn;ВН-154;ТП-77 ввод с Л-22П-1 (п.Падозеро);false;11;0;0;1;0;1;true;ВН-154 Включен;true;ВН-154 Выключен;1;;0;0;0;0;0;3
vn155;vn;ВН-155;ТП-77 вывод с Л-22П-1 к ТП-209 (п.Падозеро);false;11;0;0;1;0;1;true;ВН-155 Включен;true;ВН-155 Выключен;1;;0;0;0;0;0;3
vn156;vn;ВН-156;ТП-7 вывод КЛ на ТП-8 ВН-159 (п.Птицефабрика);false;11;0;0;1;0;1;true;ВН-156 Включен;true;ВН-156 Выключен;1;;0;0;0;0;0;3
vn157;vn;ВН-157;ТП-7 вывод КЛ на ТП-8 ВН-158 (п.Птицефабрика);false;11;0;0;1;0;1;true;ВН-157 Включен;true;ВН-157 Выключен;1;;0;0;0;0;0;3
vn158;vn;ВН-158;ТП-8 ввод КЛ от ТП-7 ВН-157 (п.Птицефабрика);false;11;0;0;1;0;1;true;ВН-158 Включен;true;ВН-158 Выключен;1;;0;0;0;0;0;3
vn159;vn;ВН-159;ТП-8 ввод КЛ от ТП-7 ВН-156 (п.Птицефабрика);false;11;0;0;1;0;1;true;ВН-159 Включен;true;ВН-159 Выключен;1;;0;0;0;0;0;3
vn160;vn;ВН-160;ТП-2 ввод Л-5-17 от ТП-41 (с.Деревянное) (ЗН);false;11;0;0;1;0;1;true;ВН-160 Включен;true;ВН-160 Выключен;1;;0;0;0;0;0;3
vn161;vn;ВН-161;ТП-2 вывод Л-5-17 к ТП-43 (с.Деревянное) (ЗН);false;11;0;0;1;0;1;true;ВН-161 Включен;true;ВН-161 Выключен;1;;0;0;0;0;0;3
vn162;vn;ВН-162;ТП-246 вывод Л-18П-3 к ТП-123 (г-н Бесовец);false;11;0;0;1;0;1;true;ВН-162 Включен;true;ВН-162 Выключен;1;;0;0;0;0;0;3
vn163;vn;ВН-163;ТП-266 ввод Л-18П-3 к ТП-120 (г-н Бесовец);false;11;0;0;1;0;1;true;ВН-163 Включен;true;ВН-163 Выключен;0;;0;0;0;0;0;3
vn164;vn;ВН-164;ТП-266 ввод КЛ с РП-2 (г-н Бесовец);false;11;0;0;1;0;1;true;ВН-164 Включен;true;ВН-164 Выключен;1;;0;0;0;0;0;3
vn165;vn;ВН-165;ТП-400 ввод КЛ от Л-82-10;false;11;0;0;1;0;1;true;ВН-165 Включен;true;ВН-165 Выключен;1;;0;0;0;0;0;3
vn166;vn;ВН-166;ТП-400 ввод КЛ от Л-82-10;false;11;0;0;1;0;1;true;ВН-166 Включен;true;ВН-166 Выключен;1;;0;0;0;0;0;3
vn167;vn;ВН-167;ТП-400 секционный;false;11;0;0;1;0;1;true;ВН-167 Включен;true;ВН-167 Выключен;0;;0;0;0;0;0;3
vn168;vn;ВН-168;Л-82-4 РП-3 в сторону к ВС-13;false;11;0;0;1;0;1;true;ВН-168 Включен;true;ВН-168 Выключен;1;;0;0;0;0;0;3
vn169;vn;ВН-169;Л-82-4 РП-3 в сторону к ТП-94;false;11;0;0;1;0;1;true;ВН-169 Включен;true;ВН-169 Выключен;1;;0;0;0;0;0;3
vn170;vn;ВН-170;Л-82-4 РП-3 в сторону к ТП-338;false;11;0;0;1;0;1;true;ВН-170 Включен;true;ВН-170 Выключен;1;;0;0;0;0;0;3
vn171;vn;ВН-171;Л-82-4 РП-3 в сторону к ТП-217;false;11;0;0;1;0;1;true;ВН-171 Включен;true;ВН-171 Выключен;0;;0;0;0;0;0;3
vn172;vn;ВН-172;Л-82-4 РП-3 в сторону к ТП-217;false;11;0;0;1;0;1;true;ВН-172 Включен;true;ВН-172 Выключен;0;;0;0;0;0;0;3
vn1k;vn;ВН-1К;ТП-6К ввод КЛ от ТП-2К;false;11;0;0;1;0;1;true;ВН-1К Включен;true;ВН-1К Выключен;0;;0;0;0;0;0;3
vn2k;vn;ВН-2К;ТП-6К ввод КЛ от ТП-3К;false;11;0;0;1;0;1;true;ВН-2К Включен;true;ВН-2К Выключен;1;;0;0;0;0;0;3
vn3k;vn;ВН-3К;ТП-3К ввод КЛ от ТП-2К;false;11;0;0;1;0;1;true;ВН-3К Включен;true;ВН-3К Выключен;1;;0;0;0;0;0;3
vn4k;vn;ВН-4К;ТП-3К ввод КЛ от ТП-6К;false;11;0;0;1;0;1;true;ВН-4К Включен;true;ВН-4К Выключен;0;;0;0;0;0;0;3
vn173;vn;ВН-173;Л-46П-19 ввод на ТП-159;false;11;0;0;1;0;1;true;ВН-173 Включен;true;ВН-173 Выключен;1;;0;0;0;0;0;3
vn174;vn;ВН-174;Л-46П-19 вывод с ТП-159;false;11;0;0;1;0;1;true;ВН-174 Включен;true;ВН-174 Выключен;1;;0;0;0;0;0;3
vn175;vn;ВН-175;Л-46П-19 ввод на ТП-160;false;11;0;0;1;0;1;true;ВН-175 Включен;true;ВН-175 Выключен;1;;0;0;0;0;0;3
vn176;vn;ВН-176;Л-46П-19 вывод с ТП-160;false;11;0;0;1;0;1;true;ВН-176 Включен;true;ВН-176 Выключен;0;;0;0;0;0;0;3
vn177;vn;ВН-177;Л-23-18 ввод на ТП-202;false;11;0;0;1;0;1;true;ВН-177 Включен;true;ВН-177 Выключен;0;;0;0;0;0;0;3
vn178;vn;ВН-178;Л-23-18 вывод с ТП-202;false;11;0;0;1;0;1;true;ВН-178 Включен;true;ВН-178 Выключен;0;;0;0;0;0;0;3
vn179;vn;ВН-179;Л-5-19, п. Деревянка в сторону Орзеги;false;11;0;0;1;0;1;true;ВН-179 Включен;true;ВН-179 Выключен;0;;0;0;0;0;0;3
vn1gr;vn;ВН-1;ТП-374 ввод с Л-46П-20 (нефтебаза);false;11;0;0;1;0;1;true;ВН-1 Заземлен;true;ВН-1 Не заземлен;0;;0;0;0;0;0;3
vn2gr;vn;ВН-2;ТП-357 ввод с Л-5-28 (ст.Деревянка);false;11;0;0;1;0;1;true;ВН-2 Заземлен;true;ВН-2 Не заземлен;0;;0;0;0;0;0;3
vn3gr;vn;ВН-3;ТП-192 КЛ-10 кВ на РП-614 КОС (Южная Промзона);false;11;0;0;1;0;1;true;ВН-3 Заземлен;true;ВН-3 Не заземлен;0;;0;0;0;0;0;3
vn4gr;vn;ВН-4;Секционный между ТП-229 и ТП-230 Л-18П-13 (г-н Бесовец);false;11;0;0;1;0;1;true;ВН-4 Заземлен;true;ВН-4 Не заземлен;0;;0;0;0;0;0;3
vn5gr;vn;ВН-5;ТП-124 ввод в сторону ТП-230 (г-н Бесовец) (ЗН);false;11;0;0;1;0;1;true;ВН-5 Заземлен;true;ВН-5 Не заземлен;0;;0;0;0;0;0;3
vn6gr;vn;ВН-6;ТП-135 ввод Л-18П-2 (п.Чална);false;11;0;0;1;0;1;true;ВН-6 Заземлен;true;ВН-6 Не заземлен;0;;0;0;0;0;0;3
vn7gr;vn;ВН-7;ТП-135 вывод в сторону Падозеро (п.Чална);false;11;0;0;1;0;1;true;ВН-7 Заземлен;true;ВН-7 Не заземлен;0;;0;0;0;0;0;3
vn8gr;vn;ВН-8;ТП-18 ввод с Л-21-14 (ст.Шуйская) (ЗН);false;11;0;0;1;0;1;true;ВН-8 Заземлен;true;ВН-8 Не заземлен;0;;0;0;0;0;0;3
vn9gr;vn;ВН-9;ТП-18 вывод на ТП-19 (ст.Шуйская) (ЗН);false;11;0;0;1;0;1;true;ВН-9 Заземлен;true;ВН-9 Не заземлен;0;;0;0;0;0;0;3
vn10gr;vn;ВН-10;ТП-19 ввод с Л-21-14 (ст.Шуйская);false;11;0;0;1;0;1;true;ВН-10 Заземлен;true;ВН-10 Не заземлен;0;;0;0;0;0;0;3
vn11gr;vn;ВН-11;ТП-19 вывод на ТП-20 и ВС-6 (ст.Шуйская);false;11;0;0;1;0;1;true;ВН-11 Заземлен;true;ВН-11 Не заземлен;0;;0;0;0;0;0;3
vn12gr;vn;ВН-12;ТП-374 ввод Л-79-18 (Южная Промзона);false;11;0;0;1;0;1;true;ВН-12 Заземлен;true;ВН-12 Не заземлен;0;;0;0;0;0;0;3
vn13gr;vn;ВН-13;ТП-375 вывод на ТП-374 2 секция шин (Нефтебаза);false;11;0;0;1;0;1;true;ВН-13 Заземлен;true;ВН-13 Не заземлен;0;;0;0;0;0;0;3
vn14gr;vn;ВН-14;ТП-120 вывод на ТП-350 (г-н Бесовец) (ЗН);false;11;0;0;1;0;1;true;ВН-14 Заземлен;true;ВН-14 Не заземлен;0;;0;0;0;0;0;3
vn15gr;vn;ВН-15;ТП-120 ввод с ТП-117 (1 зона) (г-н Бесовец);false;11;0;0;1;0;1;true;ВН-15 Заземлен;true;ВН-15 Не заземлен;0;;0;0;0;0;0;3
vn16gr;vn;ВН-16;ТП-68 ввод с Л-82-11 (п.Ладва) (ЗН);false;11;0;0;1;0;1;true;ВН-16 Заземлен;true;ВН-16 Не заземлен;0;;0;0;0;0;0;3
vn17gr;vn;ВН-17;ТП-68 вывод на ТП-72 (п.Ладва) (ЗН);false;11;0;0;1;0;1;true;ВН-17 Заземлен;true;ВН-17 Не заземлен;0;;0;0;0;0;0;3
vn18gr;vn;ВН-18;ТП-72 ввод с ТП-68 (п.Ладва) (ЗН);false;11;0;0;1;0;1;true;ВН-18 Заземлен;true;ВН-18 Не заземлен;0;;0;0;0;0;0;3
vn19gr;vn;ВН-19;ТП-72 (п.Ладва) (ЗН);false;11;0;0;1;0;1;true;ВН-19 Заземлен;true;ВН-19 Не заземлен;0;;0;0;0;0;0;3
vn20gr;vn;ВН-20;ТП-375 ввод с ТП-374 1 секция шин (Нефтебаза);false;11;0;0;1;0;1;true;ВН-20 Заземлен;true;ВН-20 Не заземлен;0;;0;0;0;0;0;3
vn21gr;vn;ВН-21;ТП-374 вывод с 1 секции шин на ТП-375 Л-46П-20 (Нефтебаза);false;11;0;0;1;0;1;true;ВН-21 Заземлен;true;ВН-21 Не заземлен;0;;0;0;0;0;0;3
vn22gr;vn;ВН-22;ТП-123 вывод на ТП-38, ТП-37 (г-н Бесовец);false;11;0;0;1;0;1;true;ВН-22 Заземлен;true;ВН-22 Не заземлен;0;;0;0;0;0;0;3
vn23gr;vn;ВН-23;ТП-123 ввод с ТП-246 (г-н Бесовец);false;11;0;0;1;0;1;true;ВН-23 Заземлен;true;ВН-23 Не заземлен;0;;0;0;0;0;0;3
vn24gr;vn;ВН-24;ТП-120 вывод на ТП-246 (Школа) (г-н Бесовец) (ЗН);false;11;0;0;1;0;1;true;ВН-24 Заземлен;true;ВН-24 Не заземлен;0;;0;0;0;0;0;3
vn25gr;vn;ВН-25;ТП-115 ввод с Л-18П-8 (г-н Бесовец) (ЗН);false;11;0;0;1;0;1;true;ВН-25 Заземлен;true;ВН-25 Не заземлен;0;;0;0;0;0;0;3
vn26gr;vn;ВН-26;ТП-115 вывод на ТП-116 ''Гексод'' (г-н Бесовец) (ЗН);false;11;0;0;1;0;1;true;ВН-26 Заземлен;true;ВН-26 Не заземлен;0;;0;0;0;0;0;3
vn27gr;vn;ВН-27;ТП-116 ввод с ТП-115 Л-18П-8 (г-н Бесовец) (ЗН);false;11;0;0;1;0;1;true;ВН-27 Заземлен;true;ВН-27 Не заземлен;0;;0;0;0;0;0;3
vn28gr;vn;ВН-28;ТП-116 вывод с ТП-117 (1 зона) (г-н Бесовец) (ЗН);false;11;0;0;1;0;1;true;ВН-28 Заземлен;true;ВН-28 Не заземлен;0;;0;0;0;0;0;3
vn29gr;vn;ВН-29;ТП-117 ввод с ТП-116 Л-18П-8 (г-н Бесовец);false;11;0;0;1;0;1;true;ВН-29 Заземлен;true;ВН-29 Не заземлен;0;;0;0;0;0;0;3
vn30gr;vn;ВН-30;ТП-117 вывод на ТП-118 ''Зарядная'' (г-н Бесовец);false;11;0;0;1;0;1;true;ВН-30 Заземлен;true;ВН-30 Не заземлен;0;;0;0;0;0;0;3
vn31gr;vn;ВН-31;ТП-118 ввод с ТП-117 Л-18П-8 (г-н Бесовец);false;11;0;0;1;0;1;true;ВН-31 Заземлен;true;ВН-31 Не заземлен;0;;0;0;0;0;0;3
vn32gr;vn;ВН-32;ТП-118 вывод на ТП-121 (2 зона) (г-н Бесовец);false;11;0;0;1;0;1;true;ВН-32 Заземлен;true;ВН-32 Не заземлен;0;;0;0;0;0;0;3
vn33gr;vn;ВН-33;ТП-121 вывод на ТП-118 Л-18П-12 (г-н Бесовец) (ЗН);false;11;0;0;1;0;1;true;ВН-33 Заземлен;true;ВН-33 Не заземлен;0;;0;0;0;0;0;3
vn34gr;vn;ВН-34;ТП-121 ввод с ТП-124 Котельная Л-18П-12 (г-н Бесовец) (ЗН);false;11;0;0;1;0;1;true;ВН-34 Заземлен;true;ВН-34 Не заземлен;0;;0;0;0;0;0;3
vn35gr;vn;ВН-35;ТП-124 вывод на ТП-121 Л-18П-12 (г-н Бесовец) (ЗН);false;11;0;0;1;0;1;true;ВН-35 Заземлен;true;ВН-35 Не заземлен;0;;0;0;0;0;0;3
vn36gr;vn;ВН-36;ТП-124 ввод с Л-18П-12 (г-н Бесовец) (ЗН);false;11;0;0;1;0;1;true;ВН-36 Заземлен;true;ВН-36 Не заземлен;0;;0;0;0;0;0;3
vn37gr;vn;ВН-37;ТП-74 вывод на ТП-64 Л-82-3 (п.Ладва) (ЗН);false;11;0;0;1;0;1;true;ВН-37 Заземлен;true;ВН-37 Не заземлен;0;;0;0;0;0;0;3
vn38gr;vn;ВН-38;ТП-74 ввод с ТП-100 Л-82-3 (п.Ладва) (ЗН);false;11;0;0;1;0;1;true;ВН-38 Заземлен;true;ВН-38 Не заземлен;0;;0;0;0;0;0;3
vn39gr;vn;ВН-39;ТП-64 ввод с ТП-74 (п.Ладва) (ЗН);false;11;0;0;1;0;1;true;ВН-39 Заземлен;true;ВН-39 Не заземлен;0;;0;0;0;0;0;3
vn40gr;vn;ВН-40;ТП-64 вывод с ТП-65 (п.Ладва) (ЗН);false;11;0;0;1;0;1;true;ВН-40 Заземлен;true;ВН-40 Не заземлен;0;;0;0;0;0;0;3
vn41gr;vn;ВН-41;ТП-73 ввод с ТП-65 Л-82-3 (п.Ладва) (ЗН);false;11;0;0;1;0;1;true;ВН-41 Заземлен;true;ВН-41 Не заземлен;0;;0;0;0;0;0;3
vn42gr;vn;ВН-42;ТП-70 ввод с ТП-73 (п.Ладва) (ЗН);false;11;0;0;1;0;1;true;ВН-42 Заземлен;true;ВН-42 Не заземлен;0;;0;0;0;0;0;3
vn43gr;vn;ВН-43;ТП-61 ввод с Л-82-3 (п.Ладва) (ЗН);false;11;0;0;1;0;1;true;ВН-43 Заземлен;true;ВН-43 Не заземлен;0;;0;0;0;0;0;3
vn44gr;vn;ВН-44;ТП-70 вывод на ТП-60 Л-82-3 (п.Ладва) (ЗН);false;11;0;0;1;0;1;true;ВН-44 Заземлен;true;ВН-44 Не заземлен;0;;0;0;0;0;0;3
vn45gr;vn;ВН-45;ТП-130 вывод на ТП-133 Л-18П-9 ТП-135 (п.Чална);false;11;0;0;1;0;1;true;ВН-45 Заземлен;true;ВН-45 Не заземлен;0;;0;0;0;0;0;3
vn46gr;vn;ВН-46;ТП-163 ввод с ТП-168 Л-5-27 (ст.Деревянка) (ЗН);false;11;0;0;1;0;1;true;ВН-46 Заземлен;true;ВН-46 Не заземлен;0;;0;0;0;0;0;3
vn47gr;vn;ВН-47;ТП-163 вывод на ТП-164 (ст.Деревянка) (ЗН);false;11;0;0;1;0;1;true;ВН-47 Заземлен;true;ВН-47 Не заземлен;0;;0;0;0;0;0;3
vn48gr;vn;ВН-48;ТП-164 ввод с ТП-163 (ст.Деревянка) (ЗН);false;11;0;0;1;0;1;true;ВН-48 Заземлен;true;ВН-48 Не заземлен;0;;0;0;0;0;0;3
vn49gr;vn;ВН-49;ТП-164 ввод с Л-5-27 (ст.Деревянка) (ЗН);false;11;0;0;1;0;1;true;ВН-49 Заземлен;true;ВН-49 Не заземлен;0;;0;0;0;0;0;3
vn50gr;vn;ВН-50;ТП-1049 ввод со стороны Р-63 (Заозерье);false;11;0;0;1;0;1;true;ВН-50 Заземлен;true;ВН-50 Не заземлен;0;;0;0;0;0;0;3
vn51gr;vn;ВН-51;ТП-192 ввод с Л-79-18 (Южная Промзона);false;11;0;0;1;0;1;true;ВН-51 Заземлен;true;ВН-51 Не заземлен;0;;0;0;0;0;0;3
vn52gr;vn;ВН-52;ТП-217 ввод с РП-3 Л-82-4 (Ладва-Ветка);false;11;0;0;1;0;1;true;ВН-52 Заземлен;true;ВН-52 Не заземлен;0;;0;0;0;0;0;3
vn53gr;vn;ВН-53;ТП-198 ввод с ТП-125 Л-18П-2 (п.Чална) (ЗН);false;11;0;0;1;0;1;true;ВН-53 Заземлен;true;ВН-53 Не заземлен;0;;0;0;0;0;0;3
vn54gr;vn;ВН-54;ТП-198 вывод на ТП-133, 195 (п.Чална) (ЗН);false;11;0;0;1;0;1;true;ВН-54 Заземлен;true;ВН-54 Не заземлен;0;;0;0;0;0;0;3
vn55gr;vn;ВН-55;ТП-133 ввод с Л-18П-9;false;11;0;0;1;0;1;true;ВН-55 Заземлен;true;ВН-55 Не заземлен;0;;0;0;0;0;0;3
vn56gr;vn;ВН-56;ТП-133 вывод в сторону ТП-134 Л-18П-2;false;11;0;0;1;0;1;true;ВН-56 Заземлен;true;ВН-56 Не заземлен;0;;0;0;0;0;0;3
vn57gr;vn;ВН-57;ТП-104 ввод с ТП-102 Л-21-12 (ЗН);false;11;0;0;1;0;1;true;ВН-57 Заземлен;true;ВН-57 Не заземлен;0;;0;0;0;0;0;3
vn58gr;vn;ВН-58;ТП-7 ввод от Р-57 ЮКЭС (Птицефабрика);false;11;0;0;1;0;1;true;ВН-58 Заземлен;true;ВН-58 Не заземлен;0;;0;0;0;0;0;3
vn59gr;vn;ВН-59;ТП-7 ввод от Р-52 ЮКЭС (Птицефабрика);false;11;0;0;1;0;1;true;ВН-59 Заземлен;true;ВН-59 Не заземлен;0;;0;0;0;0;0;3
vn60gr;vn;ВН-60;ТП-37 ввод с Л-18П-3 со стороны ТП-123 (д.Верховье) (ЗН);false;11;0;0;1;0;1;true;ВН-60 Заземлен;true;ВН-60 Не заземлен;0;;0;0;0;0;0;3
vn61gr;vn;ВН-61;ТП-37 вывод в сторону ВС-27, ТП-28 (д.Верховье) (ЗН);false;11;0;0;1;0;1;true;ВН-61 Заземлен;true;ВН-61 Не заземлен;0;;0;0;0;0;0;3
vn62gr;vn;ВН-62;ТП-111 ввод с Л-18П-9 от П/ст 18П (п.Чална);false;11;0;0;1;0;1;true;ВН-62 Заземлен;true;ВН-62 Не заземлен;0;;0;0;0;0;0;3
vn63gr;vn;ВН-63;ТП-111 вывод в сторону ТП-126 (п.Чална);false;11;0;0;1;0;1;true;ВН-63 Заземлен;true;ВН-63 Не заземлен;0;;0;0;0;0;0;3
vn64gr;vn;ВН-64;ТП-134 ввод с Л-18П-2 от ТП-195;false;11;0;0;1;0;1;true;ВН-64 Заземлен;true;ВН-64 Не заземлен;0;;0;0;0;0;0;3
vn65gr;vn;ВН-65;ТП-133 вывод на Л-18П-9 к ТП-135;false;11;0;0;1;0;1;true;ВН-65 Заземлен;true;ВН-65 Не заземлен;0;;0;0;0;0;0;3
vn66gr;vn;ВН-66;ТП-127 ввод с Л-18П-9 от ТП-126  (п.Чална);false;11;0;0;1;0;1;true;ВН-66 Заземлен;true;ВН-66 Не заземлен;0;;0;0;0;0;0;3
vn67gr;vn;ВН-67;ТП-127 вывод на Л-18П-9 к ТП-138 и ТП-129 (п.Чална);false;11;0;0;1;0;1;true;ВН-67 Заземлен;true;ВН-67 Не заземлен;0;;0;0;0;0;0;3
vn68gr;vn;ВН-68;ТП-127 вывод на Л-18П-9 резерв (п.Чална);false;11;0;0;1;0;1;true;ВН-68 Заземлен;true;ВН-68 Не заземлен;0;;0;0;0;0;0;3
vn69gr;vn;ВН-69;ТП-100 вывод на ТП-74 Л-82-3 (п.Ладва) (ЗН);false;11;0;0;1;0;1;true;ВН-69 Заземлен;true;ВН-69 Не заземлен;0;;0;0;0;0;0;3
vn70gr;vn;ВН-70;ТП-100 ввод с ВС-29 Л-82-3 (п.Ладва) (ЗН);false;11;0;0;1;0;1;true;ВН-70 Заземлен;true;ВН-70 Не заземлен;0;;0;0;0;0;0;3
vn71gr;vn;ВН-71;ТП-168 ввод Л-5-27 (ст.Деревянка) (ЗН);false;11;0;0;1;0;1;true;ВН-71 Заземлен;true;ВН-71 Не заземлен;0;;0;0;0;0;0;3
vn72gr;vn;ВН-72;ТП-168 ввод Л-5-27 (ст.Деревянка) (ЗН);false;11;0;0;1;0;1;true;ВН-72 Заземлен;true;ВН-72 Не заземлен;0;;0;0;0;0;0;3
vn73gr;vn;ВН-73;ТП-168 вывод на ТП-163 (ст.Деревянка) (ЗН);false;11;0;0;1;0;1;true;ВН-73 Заземлен;true;ВН-73 Не заземлен;0;;0;0;0;0;0;3
vn74gr;vn;ВН-74;ТП-352 ввод с Л-5-27 (ст.Деревянка) (ЗН);false;11;0;0;1;0;1;true;ВН-74 Заземлен;true;ВН-74 Не заземлен;0;;0;0;0;0;0;3
vn75gr;vn;ВН-75;ТП-352 ввод с Л-5-27 (ст.Деревянка) (ЗН);false;11;0;0;1;0;1;true;ВН-75 Заземлен;true;ВН-75 Не заземлен;0;;0;0;0;0;0;3
vn76gr;vn;ВН-76;ТП-120 ввод КЛ с РП-2 (г-н Бесовец);false;11;0;0;1;0;1;true;ВН-76 Заземлен;true;ВН-76 Не заземлен;0;;0;0;0;0;0;3
vn77gr;vn;ВН-77;ТП-39 ввод с Л-21-7 от П/ст 21 (п.Шуя);false;11;0;0;1;0;1;true;ВН-77 Заземлен;true;ВН-77 Не заземлен;0;;0;0;0;0;0;3
vn78gr;vn;ВН-78;ТП-61 ввод с Л-82-11 (п.Ладва);false;11;0;0;1;0;1;true;ВН-78 Заземлен;true;ВН-78 Не заземлен;0;;0;0;0;0;0;3
vn79gr;vn;ВН-79;ТП-375 вывод на ТП-376 (Нефтебаза);false;11;0;0;1;0;1;true;ВН-79 Заземлен;true;ВН-79 Не заземлен;0;;0;0;0;0;0;3
vn80gr;vn;ВН-80;ТП-39 вывод с Л-21-7 к ТП-18 (п.Шуя);false;11;0;0;1;0;1;true;ВН-80 Заземлен;true;ВН-80 Не заземлен;0;;0;0;0;0;0;3
vn81gr;vn;ВН-81;ТП-185 с КЛ-52П-12 от ТП-187 (п.Мелиоративный) (ЗН);false;11;0;0;1;0;1;true;ВН-81 Заземлен;true;ВН-81 Не заземлен;0;;0;0;0;0;0;3
vn82gr;vn;ВН-82;ТП-185 ввод КЛ-52П-2 от ТП-187 (п.Мелиоративный) (ЗН);false;11;0;0;1;0;1;true;ВН-82 Заземлен;true;ВН-82 Не заземлен;0;;0;0;0;0;0;3
vn83gr;vn;ВН-83;ТП-126 ввод с Л-18П-9 (п.Чална) (ЗН);false;11;0;0;1;0;1;true;ВН-83 Заземлен;true;ВН-83 Не заземлен;0;;0;0;0;0;0;3
vn84gr;vn;ВН-84;ТП-126 вывод Л-18П-9 на ВС-2 и ТП-127 (п.Чална) (ЗН);false;11;0;0;1;0;1;true;ВН-84 Заземлен;true;ВН-84 Не заземлен;0;;0;0;0;0;0;3
vn85gr;vn;ВН-85;ТП-127 ввод с Л-18П-2 (п.Чална) (ЗН);false;11;0;0;1;0;1;true;ВН-85 Заземлен;true;ВН-85 Не заземлен;0;;0;0;0;0;0;3
vn86gr;vn;ВН-86;(ЗН);false;11;0;0;1;0;1;true;ВН-86 Заземлен;true;ВН-86 Не заземлен;0;;0;0;0;0;0;3
vn87gr;vn;ВН-87;ТП-357 ввод с Л-5-19 (ст.Деревянка) (ЗН);false;11;0;0;1;0;1;true;ВН-87 Заземлен;true;ВН-87 Не заземлен;0;;0;0;0;0;0;3
vn88gr;vn;ВН-88;ТП-357 ввод с Л-5-27 (ст.Деревянка) (ЗН);false;11;0;0;1;0;1;true;ВН-88 Заземлен;true;ВН-88 Не заземлен;0;;0;0;0;0;0;3
vn89gr;vn;ВН-89;ТП-48 ввод с Л-22П-13 (с.Деревянное) (ЗН);false;11;0;0;1;0;1;true;ВН-89 Заземлен;true;ВН-89 Не заземлен;0;;0;0;0;0;0;3
vn90gr;vn;ВН-90;ТП-48 ввод с Л-5-17 (с.Деревянное);false;11;0;0;1;0;1;true;ВН-90 Заземлен;true;ВН-90 Не заземлен;0;;0;0;0;0;0;3
vn91gr;vn;ВН-91;;false;11;0;0;1;0;1;true;ВН-91 Заземлен;true;ВН-91 Не заземлен;0;;0;0;0;0;0;3
vn92gr;vn;ВН-92;ТП-28 ввод со стороны ТП-29 (д.Шуйская Чупа) (ЗН);false;11;0;0;1;0;1;true;ВН-92 Заземлен;true;ВН-92 Не заземлен;0;;0;0;0;0;0;3
vn93gr;vn;ВН-93;ТП-28 ввод с Л-18П-3 от ТП-37 (д.Шуйская Чупа) (ЗН);false;11;0;0;1;0;1;true;ВН-93 Заземлен;true;ВН-93 Не заземлен;0;;0;0;0;0;0;3
vn94gr;vn;ВН-94;ТП-324 ввод с Л-18П-2;false;11;0;0;1;0;1;true;ВН-94 Заземлен;true;ВН-94 Не заземлен;0;;0;0;0;0;0;3
vn95gr;vn;ВН-95;ТП-324 ввод с Л-18П-2 КТП-119;false;11;0;0;1;0;1;true;ВН-95 Заземлен;true;ВН-95 Не заземлен;0;;0;0;0;0;0;3
vn96gr;vn;ВН-96;ТП-24 ввод с Л-2П-15 от ТП-22 (т/б Косалма);false;11;0;0;1;0;1;true;ВН-96 Заземлен;true;ВН-96 Не заземлен;0;;0;0;0;0;0;3
vn97gr;vn;ВН-97;ТП-24 ввод с Л-2П-15 от ВС-11 (т/б Косалма);false;11;0;0;1;0;1;true;ВН-97 Заземлен;true;ВН-97 Не заземлен;0;;0;0;0;0;0;3
vn98gr;vn;ВН-98;Л-21-7 между ТП-33 и ТП-212 (за ст.Шуйская);false;11;0;0;1;0;1;true;ВН-98 Заземлен;true;ВН-98 Не заземлен;0;;0;0;0;0;0;3
vn99gr;vn;ВН-99;ТП-185 вывод на ТП-186 Л-52П-12 (п.Мелиоративный) (ЗН);false;11;0;0;1;0;1;true;ВН-99 Заземлен;true;ВН-99 Не заземлен;0;;0;0;0;0;0;3
vn100gr;vn;ВН-100;ТП-185 вывод на КЛ ТП-186 Л-52П-2 (п.Мелиоративный) (ЗН);false;11;0;0;1;0;1;true;ВН-100 Заземлен;true;ВН-100 Не заземлен;0;;0;0;0;0;0;3
vn101gr;vn;ВН-101;ТП-186 ввод с ТП-185 Л-52П-12 (п.Мелиоративный) (ЗН);false;11;0;0;1;0;1;true;ВН-101 Заземлен;true;ВН-101 Не заземлен;0;;0;0;0;0;0;3
vn102gr;vn;ВН-102;ТП-186 ввод с ТП-185 Л-52П-2 (п.Мелиоративный) (ЗН);false;11;0;0;1;0;1;true;ВН-102 Заземлен;true;ВН-102 Не заземлен;0;;0;0;0;0;0;3
vn103gr;vn;ВН-103;ТП-41 вывод с ТП-2 Л-5-17 (с.Деревянное);false;11;0;0;1;0;1;true;ВН-103 Заземлен;true;ВН-103 Не заземлен;0;;0;0;0;0;0;3
vn104gr;vn;ВН-104;ТП-117 ввод с ТП-120 Л-18П-3 (г-н Бесовец);false;11;0;0;1;0;1;true;ВН-104 Заземлен;true;ВН-104 Не заземлен;0;;0;0;0;0;0;3
vn105gr;vn;ВН-105;ТП-375 вывод на ТП-378 (Нефтебаза);false;11;0;0;1;0;1;true;ВН-105 Заземлен;true;ВН-105 Не заземлен;0;;0;0;0;0;0;3
vn106gr;vn;ВН-106;ТП-43 ввод с ТП-48 Л-22П-13 (с.Деревянное) (ЗН);false;11;0;0;1;0;1;true;ВН-106 Заземлен;true;ВН-106 Не заземлен;0;;0;0;0;0;0;3
vn107gr;vn;ВН-107;ТП-43 ввод с ТП-2 Л-5-17 (с.Деревянное) (ЗН);false;11;0;0;1;0;1;true;ВН-107 Заземлен;true;ВН-107 Не заземлен;0;;0;0;0;0;0;3
vn108gr;vn;ВН-108;ТП-125 ввод с Л-18П-2 (п.Чална) (ЗН);false;11;0;0;1;0;1;true;ВН-108 Заземлен;true;ВН-108 Не заземлен;0;;0;0;0;0;0;3
vn109gr;vn;ВН-109;ТП-125 вывод Л-18П-2 к ТП-196, ВС-2 (п.Чална) (ЗН);false;11;0;0;1;0;1;true;ВН-109 Заземлен;true;ВН-109 Не заземлен;0;;0;0;0;0;0;3
vn110gr;vn;ВН-110;ТП-50 ввод с Л-38П-2 (Лососинное) (ЗН);false;11;0;0;1;0;1;true;ВН-110 Заземлен;true;ВН-110 Не заземлен;0;;0;0;0;0;0;3
vn111gr;vn;ВН-111;ТП-50 ввод с Л-38П-1 (Лососинное) (ЗН);false;11;0;0;1;0;1;true;ВН-111 Заземлен;true;ВН-111 Не заземлен;0;;0;0;0;0;0;3
vn112gr;vn;ВН-112;ТП-57 ввод с Л-82-11 от ТП-61 (п.Ладва);false;11;0;0;1;0;1;true;ВН-112 Заземлен;true;ВН-112 Не заземлен;0;;0;0;0;0;0;3
vn113gr;vn;ВН-113;ТП-57 вывод с Л-82-11 на ТП-66 (п.Ладва);false;11;0;0;1;0;1;true;ВН-113 Заземлен;true;ВН-113 Не заземлен;0;;0;0;0;0;0;3
vn114gr;vn;ВН-114;ТП-66 ввод  Л-82-11 с ТП-57 (п.Ладва);false;11;0;0;1;0;1;true;ВН-114 Заземлен;true;ВН-114 Не заземлен;0;;0;0;0;0;0;3
vn115gr;vn;ВН-115;ТП-66 вывод Л-82-11 в сторону ТП-60 и ТП-68 (п.Ладва);false;11;0;0;1;0;1;true;ВН-115 Заземлен;true;ВН-115 Не заземлен;0;;0;0;0;0;0;3
vn116gr;vn;ВН-116;РП-10 кВ ''Котельная'' ввод с ТП-185 (п.Мелиоративный) (ЗН);false;11;0;0;1;0;1;true;ВН-116 Заземлен;true;ВН-116 Не заземлен;0;;0;0;0;0;0;3
vn117gr;vn;ВН-117;РП-10 кВ ''Котельная'' ввод Л-52П-13 от П/ст 52П (п.Мелиоративный) (ЗН);false;11;0;0;1;0;1;true;ВН-117 Заземлен;true;ВН-117 Не заземлен;0;;0;0;0;0;0;3
vn118gr;vn;ВН-118;ТП-185 вывод на РП-10 кВ ''Котельная'' (п.Мелиоративный);false;11;0;0;1;0;1;true;ВН-118 Заземлен;true;ВН-118 Не заземлен;0;;0;0;0;0;0;3
vn119gr;vn;ВН-119;ТП-191 вывод на ТП-186 (п.Мелиоративный);false;11;0;0;1;0;1;true;ВН-119 Заземлен;true;ВН-119 Не заземлен;0;;0;0;0;0;0;3
vn120gr;vn;ВН-120;ТП-191 вывод на ТП-189 (п.Мелиоративный);false;11;0;0;1;0;1;true;ВН-120 Заземлен;true;ВН-120 Не заземлен;0;;0;0;0;0;0;3
vn121gr;vn;ВН-121;ТП-311 ввод на ВН-123 ТП-312 Л-82-3 (п.Ладва);false;11;0;0;1;0;1;true;ВН-121 Заземлен;true;ВН-121 Не заземлен;0;;0;0;0;0;0;3
vn122gr;vn;ВН-122;ТП-311 РМД-1 ввод с Л-82-3 (п.Ладва);false;11;0;0;1;0;1;true;ВН-122 Заземлен;true;ВН-122 Не заземлен;0;;0;0;0;0;0;3
vn123gr;vn;ВН-123;ТП-312 РМД-2 вывод на ВН-121 ТП-311 (п.Ладва);false;11;0;0;1;0;1;true;ВН-123 Заземлен;true;ВН-123 Не заземлен;0;;0;0;0;0;0;3
vn124gr;vn;ВН-124;ТП-312 РМД-2 вывод на Л-82-3 на ТП-100 (п.Ладва);false;11;0;0;1;0;1;true;ВН-124 Заземлен;true;ВН-124 Не заземлен;0;;0;0;0;0;0;3
vn125gr;vn;ВН-125;ТП-209 ввод Л-22П-1 с ТП-77 (д.Падозеро);false;11;0;0;1;0;1;true;ВН-125 Заземлен;true;ВН-125 Не заземлен;0;;0;0;0;0;0;3
vn126gr;vn;ВН-126;ТП-209 Л-22П-1 ТП-80;false;11;0;0;1;0;1;true;ВН-126 Заземлен;true;ВН-126 Не заземлен;0;;0;0;0;0;0;3
vn127gr;vn;ВН-127;ТП-58 ввод Л-38П-1 от ТП-50 с ВН-111 (Лососинное) (ЗН);false;11;0;0;1;0;1;true;ВН-127 Заземлен;true;ВН-127 Не заземлен;0;;0;0;0;0;0;3
vn128gr;vn;ВН-128;ТП-58 ввод Л-38П-2 от ТП-50 с ВН-110 (Лососинное) (ЗН);false;11;0;0;1;0;1;true;ВН-128 Заземлен;true;ВН-128 Не заземлен;0;;0;0;0;0;0;3
vn129gr;vn;ВН-129;ТП-80 ввод Л-22П-1 от ТП-209 (Пухта);false;11;0;0;1;0;1;true;ВН-129 Заземлен;true;ВН-129 Не заземлен;0;;0;0;0;0;0;3
vn130gr;vn;ВН-130;ТП-80 вывод Л-22П-1 к ТП-72 (Пухта);false;11;0;0;1;0;1;true;ВН-130 Заземлен;true;ВН-130 Не заземлен;0;;0;0;0;0;0;3
vn131gr;vn;ВН-131;ТП-129 ввод Л-18П-9 с ТП-127 (п.Чална) (ЗН);false;11;0;0;1;0;1;true;ВН-131 Заземлен;true;ВН-131 Не заземлен;0;;0;0;0;0;0;3
vn132gr;vn;ВН-132;ТП-129 вывод Л-18П-9 к ТП-130 (п.Чална) (ЗН);false;11;0;0;1;0;1;true;ВН-132 Заземлен;true;ВН-132 Не заземлен;0;;0;0;0;0;0;3
vn133gr;vn;ВН-133;ТП-112 ввод Л-18П-2;false;11;0;0;1;0;1;true;ВН-133 Заземлен;true;ВН-133 Не заземлен;0;;0;0;0;0;0;3
vn134gr;vn;ВН-134;ТП-112 вывод Л-18П-2 к ТП-113;false;11;0;0;1;0;1;true;ВН-134 Заземлен;true;ВН-134 Не заземлен;0;;0;0;0;0;0;3
vn135gr;vn;ВН-135;РП-10 кВ ''Котельная'' вывод на ТП-173 Т-2 (п.Мелиоративный) (ЗН);false;11;0;0;1;0;1;true;ВН-135 Заземлен;true;ВН-135 Не заземлен;0;;0;0;0;0;0;3
vn136gr;vn;ВН-136;РП-10 кВ ''Котельная'' вывод на ТП-173 Т-1 (п.Мелиоративный) (ЗН);false;11;0;0;1;0;1;true;ВН-136 Заземлен;true;ВН-136 Не заземлен;0;;0;0;0;0;0;3
vn137gr;vn;ВН-137;ТП-187 ввод с Л-52П-2 (п.Мелиоративный) (ЗН);false;11;0;0;1;0;1;true;ВН-137 Заземлен;true;ВН-137 Не заземлен;0;;0;0;0;0;0;3
vn138gr;vn;ВН-138;ТП-187 ввод с Л-52П-12 (п.Мелиоративный) (ЗН);false;11;0;0;1;0;1;true;ВН-138 Заземлен;true;ВН-138 Не заземлен;0;;0;0;0;0;0;3
vn139gr;vn;ВН-139;ТП-187 вывод Л-52П-12 к ТП-183 (п.Мелиоративный) (ЗН);false;11;0;0;1;0;1;true;ВН-139 Заземлен;true;ВН-139 Не заземлен;0;;0;0;0;0;0;3
vn140gr;vn;ВН-140;ВН-140;false;11;0;0;1;0;1;true;ВН-140 Заземлен;true;ВН-140 Не заземлен;0;;0;0;0;0;0;3
vn141gr;vn;ВН-141;ТП-83 ввод Л-6-2 (п.Пай);false;11;0;0;1;0;1;true;ВН-141 Заземлен;true;ВН-141 Не заземлен;0;;0;0;0;0;0;3
vn142gr;vn;ВН-142;ТП-83 ввод Л-6-2 резерв (п.Пай);false;11;0;0;1;0;1;true;ВН-142 Заземлен;true;ВН-142 Не заземлен;0;;0;0;0;0;0;3
vn143gr;vn;ВН-143;ТП-94 ввод с Л-82-4 от ТП-93 (п.Ладва-Ветка);false;11;0;0;1;0;1;true;ВН-143 Заземлен;true;ВН-143 Не заземлен;0;;0;0;0;0;0;3
vn144gr;vn;ВН-144;ТП-94 вывод Л-82-4 к ТП-217 и ВС-13 (п.Ладва-Ветка);false;11;0;0;1;0;1;true;ВН-144 Заземлен;true;ВН-144 Не заземлен;0;;0;0;0;0;0;3
vn145gr;vn;ВН-145;ТП-60 ввод Л-82-11 от ТП-66 (п.Ладва);false;11;0;0;1;0;1;true;ВН-145 Заземлен;true;ВН-145 Не заземлен;0;;0;0;0;0;0;3
vn146gr;vn;ВН-146;ТП-60 ввод Л-82-3 от ТП-70 (п.Ладва);false;11;0;0;1;0;1;true;ВН-146 Заземлен;true;ВН-146 Не заземлен;0;;0;0;0;0;0;3
vn147gr;vn;ВН-147;ТП-44 ввод Л-46П-19 от ТП-48 (с.Деревянное);false;11;0;0;1;0;1;true;ВН-147 Заземлен;true;ВН-147 Не заземлен;0;;0;0;0;0;0;3
vn148gr;vn;ВН-148;ТП-44 вывод Л-46П-19 от ТП-45 (с.Деревянное);false;11;0;0;1;0;1;true;ВН-148 Заземлен;true;ВН-148 Не заземлен;0;;0;0;0;0;0;3
vn149gr;vn;ВН-149;ВН-149;false;11;0;0;1;0;1;true;ВН-149 Заземлен;true;ВН-149 Не заземлен;0;;0;0;0;0;0;3
vn150gr;vn;ВН-150;ТП-189 ввод Л-52П-5 (п.Мелиоративный) (ЗН);false;11;0;0;1;0;1;true;ВН-150 Заземлен;true;ВН-150 Не заземлен;0;;0;0;0;0;0;3
vn151gr;vn;ВН-151;ТП-189 вывод Л-52П-5 к ТП-191 (п.Мелиоративный) (ЗН);false;11;0;0;1;0;1;true;ВН-151 Заземлен;true;ВН-151 Не заземлен;0;;0;0;0;0;0;3
vn152gr;vn;ВН-152;ТП-186 вывод к ТП-245 (п.Мелиоративный);false;11;0;0;1;0;1;true;ВН-152 Заземлен;true;ВН-152 Не заземлен;0;;0;0;0;0;0;3
vn153gr;vn;ВН-153;ТП-186 вывод к ТП-244 (п.Мелиоративный);false;11;0;0;1;0;1;true;ВН-153 Заземлен;true;ВН-153 Не заземлен;0;;0;0;0;0;0;3
vn154gr;vn;ВН-154;ТП-77 ввод с Л-22П-1 (п.Падозеро);false;11;0;0;1;0;1;true;ВН-154 Заземлен;true;ВН-154 Не заземлен;0;;0;0;0;0;0;3
vn155gr;vn;ВН-155;ТП-77 вывод с Л-22П-1 к ТП-209 (п.Падозеро);false;11;0;0;1;0;1;true;ВН-155 Заземлен;true;ВН-155 Не заземлен;0;;0;0;0;0;0;3
vn156gr;vn;ВН-156;ТП-7 вывод КЛ на ТП-8 ВН-159 (п.Птицефабрика);false;11;0;0;1;0;1;true;ВН-156 Заземлен;true;ВН-156 Не заземлен;0;;0;0;0;0;0;3
vn157gr;vn;ВН-157;ТП-7 вывод КЛ на ТП-8 ВН-158 (п.Птицефабрика);false;11;0;0;1;0;1;true;ВН-157 Заземлен;true;ВН-157 Не заземлен;0;;0;0;0;0;0;3
vn158gr;vn;ВН-158;ТП-8 ввод КЛ от ТП-7 ВН-157 (п.Птицефабрика);false;11;0;0;1;0;1;true;ВН-158 Заземлен;true;ВН-158 Не заземлен;0;;0;0;0;0;0;3
vn159gr;vn;ВН-159;ТП-8 ввод КЛ от ТП-7 ВН-156 (п.Птицефабрика);false;11;0;0;1;0;1;true;ВН-159 Заземлен;true;ВН-159 Не заземлен;0;;0;0;0;0;0;3
vn160gr;vn;ВН-160;ТП-2 ввод Л-5-17 от ТП-41 (с.Деревянное) (ЗН);false;11;0;0;1;0;1;true;ВН-160 Заземлен;true;ВН-160 Не заземлен;0;;0;0;0;0;0;3
vn161gr;vn;ВН-161;ТП-2 вывод Л-5-17 к ТП-43 (с.Деревянное) (ЗН);false;11;0;0;1;0;1;true;ВН-161 Заземлен;true;ВН-161 Не заземлен;0;;0;0;0;0;0;3
vn162gr;vn;ВН-162;ТП-246 вывод Л-18П-3 к ТП-123 (г-н Бесовец);false;11;0;0;1;0;1;true;ВН-162 Заземлен;true;ВН-162 Не заземлен;0;;0;0;0;0;0;3
vn163gr;vn;ВН-163;ТП-266 ввод Л-18П-3 к ТП-120 (г-н Бесовец);false;11;0;0;1;0;1;true;ВН-163 Заземлен;true;ВН-163 Не заземлен;0;;0;0;0;0;0;3
vn164gr;vn;ВН-164;ТП-266 ввод КЛ с РП-2 (г-н Бесовец);false;11;0;0;1;0;1;true;ВН-164 Заземлен;true;ВН-164 Не заземлен;0;;0;0;0;0;0;3
vn165gr;vn;ВН-165;ТП-400 ввод КЛ от Л-82-10;false;11;0;0;1;0;1;true;ВН-165 Заземлен;true;ВН-165 Не заземлен;0;;0;0;0;0;0;3
vn166gr;vn;ВН-166;ТП-400 ввод КЛ от Л-82-10;false;11;0;0;1;0;1;true;ВН-166 Заземлен;true;ВН-166 Не заземлен;0;;0;0;0;0;0;3
vn167gr;vn;ВН-167;ТП-400 секционный;false;11;0;0;1;0;1;true;ВН-167 Заземлен;true;ВН-167 Не заземлен;0;;0;0;0;0;0;3
vn168gr;vn;ВН-168;Л-82-4 РП-3 в сторону к ВС-13;false;11;0;0;1;0;1;true;ВН-168 Заземлен;true;ВН-168 Не заземлен;0;;0;0;0;0;0;3
vn169gr;vn;ВН-169;Л-82-4 РП-3 в сторону к ТП-94;false;11;0;0;1;0;1;true;ВН-169 Заземлен;true;ВН-169 Не заземлен;0;;0;0;0;0;0;3
vn170gr;vn;ВН-170;Л-82-4 РП-3 в сторону к ТП-338;false;11;0;0;1;0;1;true;ВН-170 Заземлен;true;ВН-170 Не заземлен;0;;0;0;0;0;0;3
vn171gr;vn;ВН-171;Л-82-4 РП-3 в сторону к ТП-217;false;11;0;0;1;0;1;true;ВН-171 Заземлен;true;ВН-171 Не заземлен;0;;0;0;0;0;0;3
vn172gr;vn;ВН-172;Л-82-4 РП-3 в сторону к ТП-217;false;11;0;0;1;0;1;true;ВН-172 Заземлен;true;ВН-172 Не заземлен;0;;0;0;0;0;0;3
vn1kgr;vn;ВН-1К;ТП-6К ввод КЛ от ТП-2К;false;11;0;0;1;0;1;true;ВН-1К Заземлен;true;ВН-1К Не заземлен;0;;0;0;0;0;0;3
vn2kgr;vn;ВН-2К;ТП-6К ввод КЛ от ТП-3К;false;11;0;0;1;0;1;true;ВН-2К Заземлен;true;ВН-2К Не заземлен;0;;0;0;0;0;0;3
vn3kgr;vn;ВН-3К;ТП-3К ввод КЛ от ТП-2К;false;11;0;0;1;0;1;true;ВН-3К Заземлен;true;ВН-3К Не заземлен;0;;0;0;0;0;0;3
vn4kgr;vn;ВН-4К;ТП-3К ввод КЛ от ТП-6К;false;11;0;0;1;0;1;true;ВН-4К Заземлен;true;ВН-4К Не заземлен;0;;0;0;0;0;0;3
vn173gr;vn;ВН-173;Л-46П-19 ввод на ТП-159;false;11;0;0;1;0;1;true;ВН-173 Заземлен;true;ВН-173 Не заземлен;0;;0;0;0;0;0;3
vn174gr;vn;ВН-174;Л-46П-19 вывод с ТП-159;false;11;0;0;1;0;1;true;ВН-174 Заземлен;true;ВН-174 Не заземлен;0;;0;0;0;0;0;3
vn175gr;vn;ВН-175;Л-46П-19 ввод на ТП-160;false;11;0;0;1;0;1;true;ВН-175 Заземлен;true;ВН-175 Не заземлен;0;;0;0;0;0;0;3
vn176gr;vn;ВН-176;Л-46П-19 вывод с ТП-160;false;11;0;0;1;0;1;true;ВН-176 Заземлен;true;ВН-176 Не заземлен;0;;0;0;0;0;0;3
vn177gr;vn;ВН-177;Л-23-18 ввод на ТП-202;false;11;0;0;1;0;1;true;ВН-177 Заземлен;true;ВН-177 Не заземлен;0;;0;0;0;0;0;3
vn178gr;vn;ВН-178;Л-23-18 вывод с ТП-202;false;11;0;0;1;0;1;true;ВН-178 Заземлен;true;ВН-178 Не заземлен;0;;0;0;0;0;0;3
vn179gr;vn;ВН-179;Л-5-19, п. Деревянка в сторону Орзеги;false;11;0;0;1;0;1;true;ВН-179 Заземлен;true;ВН-179 Не заземлен;0;;0;0;0;0;0;3
vn1sh;vn;ВН-1;ТП-374 ввод с Л-46П-20 (нефтебаза);false;11;0;0;1;0;1;true;ВН-1 Зашунтирован;true;ВН-1 Не зашунтирован;0;;0;0;0;0;0;3
vn2sh;vn;ВН-2;ТП-357 ввод с Л-5-28 (ст.Деревянка);false;11;0;0;1;0;1;true;ВН-2 Зашунтирован;true;ВН-2 Не зашунтирован;0;;0;0;0;0;0;3
vn3sh;vn;ВН-3;ТП-192 КЛ-10 кВ на РП-614 КОС (Южная Промзона);false;11;0;0;1;0;1;true;ВН-3 Зашунтирован;true;ВН-3 Не зашунтирован;0;;0;0;0;0;0;3
vn4sh;vn;ВН-4;Секционный между ТП-229 и ТП-230 Л-18П-13 (г-н Бесовец);false;11;0;0;1;0;1;true;ВН-4 Зашунтирован;true;ВН-4 Не зашунтирован;0;;0;0;0;0;0;3
vn5sh;vn;ВН-5;ТП-124 ввод в сторону ТП-230 (г-н Бесовец) (ЗН);false;11;0;0;1;0;1;true;ВН-5 Зашунтирован;true;ВН-5 Не зашунтирован;0;;0;0;0;0;0;3
vn6sh;vn;ВН-6;ТП-135 ввод Л-18П-2 (п.Чална);false;11;0;0;1;0;1;true;ВН-6 Зашунтирован;true;ВН-6 Не зашунтирован;0;;0;0;0;0;0;3
vn7sh;vn;ВН-7;ТП-135 вывод в сторону Падозеро (п.Чална);false;11;0;0;1;0;1;true;ВН-7 Зашунтирован;true;ВН-7 Не зашунтирован;0;;0;0;0;0;0;3
vn8sh;vn;ВН-8;ТП-18 ввод с Л-21-14 (ст.Шуйская) (ЗН);false;11;0;0;1;0;1;true;ВН-8 Зашунтирован;true;ВН-8 Не зашунтирован;0;;0;0;0;0;0;3
vn9sh;vn;ВН-9;ТП-18 вывод на ТП-19 (ст.Шуйская) (ЗН);false;11;0;0;1;0;1;true;ВН-9 Зашунтирован;true;ВН-9 Не зашунтирован;0;;0;0;0;0;0;3
vn10sh;vn;ВН-10;ТП-19 ввод с Л-21-14 (ст.Шуйская);false;11;0;0;1;0;1;true;ВН-10 Зашунтирован;true;ВН-10 Не зашунтирован;0;;0;0;0;0;0;3
vn11sh;vn;ВН-11;ТП-19 вывод на ТП-20 и ВС-6 (ст.Шуйская);false;11;0;0;1;0;1;true;ВН-11 Зашунтирован;true;ВН-11 Не зашунтирован;0;;0;0;0;0;0;3
vn12sh;vn;ВН-12;ТП-374 ввод Л-79-18 (Южная Промзона);false;11;0;0;1;0;1;true;ВН-12 Зашунтирован;true;ВН-12 Не зашунтирован;0;;0;0;0;0;0;3
vn13sh;vn;ВН-13;ТП-375 вывод на ТП-374 2 секция шин (Нефтебаза);false;11;0;0;1;0;1;true;ВН-13 Зашунтирован;true;ВН-13 Не зашунтирован;0;;0;0;0;0;0;3
vn14sh;vn;ВН-14;ТП-120 вывод на ТП-350 (г-н Бесовец) (ЗН);false;11;0;0;1;0;1;true;ВН-14 Зашунтирован;true;ВН-14 Не зашунтирован;0;;0;0;0;0;0;3
vn15sh;vn;ВН-15;ТП-120 ввод с ТП-117 (1 зона) (г-н Бесовец);false;11;0;0;1;0;1;true;ВН-15 Зашунтирован;true;ВН-15 Не зашунтирован;0;;0;0;0;0;0;3
vn16sh;vn;ВН-16;ТП-68 ввод с Л-82-11 (п.Ладва) (ЗН);false;11;0;0;1;0;1;true;ВН-16 Зашунтирован;true;ВН-16 Не зашунтирован;0;;0;0;0;0;0;3
vn17sh;vn;ВН-17;ТП-68 вывод на ТП-72 (п.Ладва) (ЗН);false;11;0;0;1;0;1;true;ВН-17 Зашунтирован;true;ВН-17 Не зашунтирован;0;;0;0;0;0;0;3
vn18sh;vn;ВН-18;ТП-72 ввод с ТП-68 (п.Ладва) (ЗН);false;11;0;0;1;0;1;true;ВН-18 Зашунтирован;true;ВН-18 Не зашунтирован;0;;0;0;0;0;0;3
vn19sh;vn;ВН-19;ТП-72 (п.Ладва) (ЗН);false;11;0;0;1;0;1;true;ВН-19 Зашунтирован;true;ВН-19 Не зашунтирован;0;;0;0;0;0;0;3
vn20sh;vn;ВН-20;ТП-375 ввод с ТП-374 1 секция шин (Нефтебаза);false;11;0;0;1;0;1;true;ВН-20 Зашунтирован;true;ВН-20 Не зашунтирован;0;;0;0;0;0;0;3
vn21sh;vn;ВН-21;ТП-374 вывод с 1 секции шин на ТП-375 Л-46П-20 (Нефтебаза);false;11;0;0;1;0;1;true;ВН-21 Зашунтирован;true;ВН-21 Не зашунтирован;0;;0;0;0;0;0;3
vn22sh;vn;ВН-22;ТП-123 вывод на ТП-38, ТП-37 (г-н Бесовец);false;11;0;0;1;0;1;true;ВН-22 Зашунтирован;true;ВН-22 Не зашунтирован;0;;0;0;0;0;0;3
vn23sh;vn;ВН-23;ТП-123 ввод с ТП-246 (г-н Бесовец);false;11;0;0;1;0;1;true;ВН-23 Зашунтирован;true;ВН-23 Не зашунтирован;0;;0;0;0;0;0;3
vn24sh;vn;ВН-24;ТП-120 вывод на ТП-246 (Школа) (г-н Бесовец) (ЗН);false;11;0;0;1;0;1;true;ВН-24 Зашунтирован;true;ВН-24 Не зашунтирован;0;;0;0;0;0;0;3
vn25sh;vn;ВН-25;ТП-115 ввод с Л-18П-8 (г-н Бесовец) (ЗН);false;11;0;0;1;0;1;true;ВН-25 Зашунтирован;true;ВН-25 Не зашунтирован;0;;0;0;0;0;0;3
vn26sh;vn;ВН-26;ТП-115 вывод на ТП-116 ''Гексод'' (г-н Бесовец) (ЗН);false;11;0;0;1;0;1;true;ВН-26 Зашунтирован;true;ВН-26 Не зашунтирован;0;;0;0;0;0;0;3
vn27sh;vn;ВН-27;ТП-116 ввод с ТП-115 Л-18П-8 (г-н Бесовец) (ЗН);false;11;0;0;1;0;1;true;ВН-27 Зашунтирован;true;ВН-27 Не зашунтирован;0;;0;0;0;0;0;3
vn28sh;vn;ВН-28;ТП-116 вывод с ТП-117 (1 зона) (г-н Бесовец) (ЗН);false;11;0;0;1;0;1;true;ВН-28 Зашунтирован;true;ВН-28 Не зашунтирован;0;;0;0;0;0;0;3
vn29sh;vn;ВН-29;ТП-117 ввод с ТП-116 Л-18П-8 (г-н Бесовец);false;11;0;0;1;0;1;true;ВН-29 Зашунтирован;true;ВН-29 Не зашунтирован;0;;0;0;0;0;0;3
vn30sh;vn;ВН-30;ТП-117 вывод на ТП-118 ''Зарядная'' (г-н Бесовец);false;11;0;0;1;0;1;true;ВН-30 Зашунтирован;true;ВН-30 Не зашунтирован;0;;0;0;0;0;0;3
vn31sh;vn;ВН-31;ТП-118 ввод с ТП-117 Л-18П-8 (г-н Бесовец);false;11;0;0;1;0;1;true;ВН-31 Зашунтирован;true;ВН-31 Не зашунтирован;0;;0;0;0;0;0;3
vn32sh;vn;ВН-32;ТП-118 вывод на ТП-121 (2 зона) (г-н Бесовец);false;11;0;0;1;0;1;true;ВН-32 Зашунтирован;true;ВН-32 Не зашунтирован;0;;0;0;0;0;0;3
vn33sh;vn;ВН-33;ТП-121 вывод на ТП-118 Л-18П-12 (г-н Бесовец) (ЗН);false;11;0;0;1;0;1;true;ВН-33 Зашунтирован;true;ВН-33 Не зашунтирован;0;;0;0;0;0;0;3
vn34sh;vn;ВН-34;ТП-121 ввод с ТП-124 Котельная Л-18П-12 (г-н Бесовец) (ЗН);false;11;0;0;1;0;1;true;ВН-34 Зашунтирован;true;ВН-34 Не зашунтирован;0;;0;0;0;0;0;3
vn35sh;vn;ВН-35;ТП-124 вывод на ТП-121 Л-18П-12 (г-н Бесовец) (ЗН);false;11;0;0;1;0;1;true;ВН-35 Зашунтирован;true;ВН-35 Не зашунтирован;0;;0;0;0;0;0;3
vn36sh;vn;ВН-36;ТП-124 ввод с Л-18П-12 (г-н Бесовец) (ЗН);false;11;0;0;1;0;1;true;ВН-36 Зашунтирован;true;ВН-36 Не зашунтирован;0;;0;0;0;0;0;3
vn37sh;vn;ВН-37;ТП-74 вывод на ТП-64 Л-82-3 (п.Ладва) (ЗН);false;11;0;0;1;0;1;true;ВН-37 Зашунтирован;true;ВН-37 Не зашунтирован;0;;0;0;0;0;0;3
vn38sh;vn;ВН-38;ТП-74 ввод с ТП-100 Л-82-3 (п.Ладва) (ЗН);false;11;0;0;1;0;1;true;ВН-38 Зашунтирован;true;ВН-38 Не зашунтирован;0;;0;0;0;0;0;3
vn39sh;vn;ВН-39;ТП-64 ввод с ТП-74 (п.Ладва) (ЗН);false;11;0;0;1;0;1;true;ВН-39 Зашунтирован;true;ВН-39 Не зашунтирован;0;;0;0;0;0;0;3
vn40sh;vn;ВН-40;ТП-64 вывод с ТП-65 (п.Ладва) (ЗН);false;11;0;0;1;0;1;true;ВН-40 Зашунтирован;true;ВН-40 Не зашунтирован;0;;0;0;0;0;0;3
vn41sh;vn;ВН-41;ТП-73 ввод с ТП-65 Л-82-3 (п.Ладва) (ЗН);false;11;0;0;1;0;1;true;ВН-41 Зашунтирован;true;ВН-41 Не зашунтирован;0;;0;0;0;0;0;3
vn42sh;vn;ВН-42;ТП-70 ввод с ТП-73 (п.Ладва) (ЗН);false;11;0;0;1;0;1;true;ВН-42 Зашунтирован;true;ВН-42 Не зашунтирован;0;;0;0;0;0;0;3
vn43sh;vn;ВН-43;ТП-61 ввод с Л-82-3 (п.Ладва) (ЗН);false;11;0;0;1;0;1;true;ВН-43 Зашунтирован;true;ВН-43 Не зашунтирован;0;;0;0;0;0;0;3
vn44sh;vn;ВН-44;ТП-70 вывод на ТП-60 Л-82-3 (п.Ладва) (ЗН);false;11;0;0;1;0;1;true;ВН-44 Зашунтирован;true;ВН-44 Не зашунтирован;0;;0;0;0;0;0;3
vn45sh;vn;ВН-45;ТП-130 вывод на ТП-133 Л-18П-9 ТП-135 (п.Чална);false;11;0;0;1;0;1;true;ВН-45 Зашунтирован;true;ВН-45 Не зашунтирован;0;;0;0;0;0;0;3
vn46sh;vn;ВН-46;ТП-163 ввод с ТП-168 Л-5-27 (ст.Деревянка) (ЗН);false;11;0;0;1;0;1;true;ВН-46 Зашунтирован;true;ВН-46 Не зашунтирован;0;;0;0;0;0;0;3
vn47sh;vn;ВН-47;ТП-163 вывод на ТП-164 (ст.Деревянка) (ЗН);false;11;0;0;1;0;1;true;ВН-47 Зашунтирован;true;ВН-47 Не зашунтирован;0;;0;0;0;0;0;3
vn48sh;vn;ВН-48;ТП-164 ввод с ТП-163 (ст.Деревянка) (ЗН);false;11;0;0;1;0;1;true;ВН-48 Зашунтирован;true;ВН-48 Не зашунтирован;0;;0;0;0;0;0;3
vn49sh;vn;ВН-49;ТП-164 ввод с Л-5-27 (ст.Деревянка) (ЗН);false;11;0;0;1;0;1;true;ВН-49 Зашунтирован;true;ВН-49 Не зашунтирован;0;;0;0;0;0;0;3
vn50sh;vn;ВН-50;ТП-1049 ввод со стороны Р-63 (Заозерье);false;11;0;0;1;0;1;true;ВН-50 Зашунтирован;true;ВН-50 Не зашунтирован;0;;0;0;0;0;0;3
vn51sh;vn;ВН-51;ТП-192 ввод с Л-79-18 (Южная Промзона);false;11;0;0;1;0;1;true;ВН-51 Зашунтирован;true;ВН-51 Не зашунтирован;0;;0;0;0;0;0;3
vn52sh;vn;ВН-52;ТП-217 ввод с РП-3 Л-82-4 (Ладва-Ветка);false;11;0;0;1;0;1;true;ВН-52 Зашунтирован;true;ВН-52 Не зашунтирован;0;;0;0;0;0;0;3
vn53sh;vn;ВН-53;ТП-198 ввод с ТП-125 Л-18П-2 (п.Чална) (ЗН);false;11;0;0;1;0;1;true;ВН-53 Зашунтирован;true;ВН-53 Не зашунтирован;0;;0;0;0;0;0;3
vn54sh;vn;ВН-54;ТП-198 вывод на ТП-133, 195 (п.Чална) (ЗН);false;11;0;0;1;0;1;true;ВН-54 Зашунтирован;true;ВН-54 Не зашунтирован;0;;0;0;0;0;0;3
vn55sh;vn;ВН-55;ТП-133 ввод с Л-18П-9;false;11;0;0;1;0;1;true;ВН-55 Зашунтирован;true;ВН-55 Не зашунтирован;0;;0;0;0;0;0;3
vn56sh;vn;ВН-56;ТП-133 вывод в сторону ТП-134 Л-18П-2;false;11;0;0;1;0;1;true;ВН-56 Зашунтирован;true;ВН-56 Не зашунтирован;0;;0;0;0;0;0;3
vn57sh;vn;ВН-57;ТП-104 ввод с ТП-102 Л-21-12 (ЗН);false;11;0;0;1;0;1;true;ВН-57 Зашунтирован;true;ВН-57 Не зашунтирован;0;;0;0;0;0;0;3
vn58sh;vn;ВН-58;ТП-7 ввод от Р-57 ЮКЭС (Птицефабрика);false;11;0;0;1;0;1;true;ВН-58 Зашунтирован;true;ВН-58 Не зашунтирован;0;;0;0;0;0;0;3
vn59sh;vn;ВН-59;ТП-7 ввод от Р-52 ЮКЭС (Птицефабрика);false;11;0;0;1;0;1;true;ВН-59 Зашунтирован;true;ВН-59 Не зашунтирован;0;;0;0;0;0;0;3
vn60sh;vn;ВН-60;ТП-37 ввод с Л-18П-3 со стороны ТП-123 (д.Верховье) (ЗН);false;11;0;0;1;0;1;true;ВН-60 Зашунтирован;true;ВН-60 Не зашунтирован;0;;0;0;0;0;0;3
vn61sh;vn;ВН-61;ТП-37 вывод в сторону ВС-27, ТП-28 (д.Верховье) (ЗН);false;11;0;0;1;0;1;true;ВН-61 Зашунтирован;true;ВН-61 Не зашунтирован;0;;0;0;0;0;0;3
vn62sh;vn;ВН-62;ТП-111 ввод с Л-18П-9 от П/ст 18П (п.Чална);false;11;0;0;1;0;1;true;ВН-62 Зашунтирован;true;ВН-62 Не зашунтирован;0;;0;0;0;0;0;3
vn63sh;vn;ВН-63;ТП-111 вывод в сторону ТП-126 (п.Чална);false;11;0;0;1;0;1;true;ВН-63 Зашунтирован;true;ВН-63 Не зашунтирован;0;;0;0;0;0;0;3
vn64sh;vn;ВН-64;ТП-134 ввод с Л-18П-2 от ТП-195;false;11;0;0;1;0;1;true;ВН-64 Зашунтирован;true;ВН-64 Не зашунтирован;0;;0;0;0;0;0;3
vn65sh;vn;ВН-65;ТП-133 вывод на Л-18П-9 к ТП-135;false;11;0;0;1;0;1;true;ВН-65 Зашунтирован;true;ВН-65 Не зашунтирован;0;;0;0;0;0;0;3
vn66sh;vn;ВН-66;ТП-127 ввод с Л-18П-9 от ТП-126  (п.Чална);false;11;0;0;1;0;1;true;ВН-66 Зашунтирован;true;ВН-66 Не зашунтирован;0;;0;0;0;0;0;3
vn67sh;vn;ВН-67;ТП-127 вывод на Л-18П-9 к ТП-138 и ТП-129 (п.Чална);false;11;0;0;1;0;1;true;ВН-67 Зашунтирован;true;ВН-67 Не зашунтирован;0;;0;0;0;0;0;3
vn68sh;vn;ВН-68;ТП-127 вывод на Л-18П-9 резерв (п.Чална);false;11;0;0;1;0;1;true;ВН-68 Зашунтирован;true;ВН-68 Не зашунтирован;0;;0;0;0;0;0;3
vn69sh;vn;ВН-69;ТП-100 вывод на ТП-74 Л-82-3 (п.Ладва) (ЗН);false;11;0;0;1;0;1;true;ВН-69 Зашунтирован;true;ВН-69 Не зашунтирован;0;;0;0;0;0;0;3
vn70sh;vn;ВН-70;ТП-100 ввод с ВС-29 Л-82-3 (п.Ладва) (ЗН);false;11;0;0;1;0;1;true;ВН-70 Зашунтирован;true;ВН-70 Не зашунтирован;0;;0;0;0;0;0;3
vn71sh;vn;ВН-71;ТП-168 ввод Л-5-27 (ст.Деревянка) (ЗН);false;11;0;0;1;0;1;true;ВН-71 Зашунтирован;true;ВН-71 Не зашунтирован;0;;0;0;0;0;0;3
vn72sh;vn;ВН-72;ТП-168 ввод Л-5-27 (ст.Деревянка) (ЗН);false;11;0;0;1;0;1;true;ВН-72 Зашунтирован;true;ВН-72 Не зашунтирован;0;;0;0;0;0;0;3
vn73sh;vn;ВН-73;ТП-168 вывод на ТП-163 (ст.Деревянка) (ЗН);false;11;0;0;1;0;1;true;ВН-73 Зашунтирован;true;ВН-73 Не зашунтирован;0;;0;0;0;0;0;3
vn74sh;vn;ВН-74;ТП-352 ввод с Л-5-27 (ст.Деревянка) (ЗН);false;11;0;0;1;0;1;true;ВН-74 Зашунтирован;true;ВН-74 Не зашунтирован;0;;0;0;0;0;0;3
vn75sh;vn;ВН-75;ТП-352 ввод с Л-5-27 (ст.Деревянка) (ЗН);false;11;0;0;1;0;1;true;ВН-75 Зашунтирован;true;ВН-75 Не зашунтирован;0;;0;0;0;0;0;3
vn76sh;vn;ВН-76;ТП-120 ввод КЛ с РП-2 (г-н Бесовец);false;11;0;0;1;0;1;true;ВН-76 Зашунтирован;true;ВН-76 Не зашунтирован;0;;0;0;0;0;0;3
vn77sh;vn;ВН-77;ТП-39 ввод с Л-21-7 от П/ст 21 (п.Шуя);false;11;0;0;1;0;1;true;ВН-77 Зашунтирован;true;ВН-77 Не зашунтирован;0;;0;0;0;0;0;3
vn78sh;vn;ВН-78;ТП-61 ввод с Л-82-11 (п.Ладва);false;11;0;0;1;0;1;true;ВН-78 Зашунтирован;true;ВН-78 Не зашунтирован;0;;0;0;0;0;0;3
vn79sh;vn;ВН-79;ТП-375 вывод на ТП-376 (Нефтебаза);false;11;0;0;1;0;1;true;ВН-79 Зашунтирован;true;ВН-79 Не зашунтирован;0;;0;0;0;0;0;3
vn80sh;vn;ВН-80;ТП-39 вывод с Л-21-7 к ТП-18 (п.Шуя);false;11;0;0;1;0;1;true;ВН-80 Зашунтирован;true;ВН-80 Не зашунтирован;0;;0;0;0;0;0;3
vn81sh;vn;ВН-81;ТП-185 с КЛ-52П-12 от ТП-187 (п.Мелиоративный) (ЗН);false;11;0;0;1;0;1;true;ВН-81 Зашунтирован;true;ВН-81 Не зашунтирован;0;;0;0;0;0;0;3
vn82sh;vn;ВН-82;ТП-185 ввод КЛ-52П-2 от ТП-187 (п.Мелиоративный) (ЗН);false;11;0;0;1;0;1;true;ВН-82 Зашунтирован;true;ВН-82 Не зашунтирован;0;;0;0;0;0;0;3
vn83sh;vn;ВН-83;ТП-126 ввод с Л-18П-9 (п.Чална) (ЗН);false;11;0;0;1;0;1;true;ВН-83 Зашунтирован;true;ВН-83 Не зашунтирован;0;;0;0;0;0;0;3
vn84sh;vn;ВН-84;ТП-126 вывод Л-18П-9 на ВС-2 и ТП-127 (п.Чална) (ЗН);false;11;0;0;1;0;1;true;ВН-84 Зашунтирован;true;ВН-84 Не зашунтирован;0;;0;0;0;0;0;3
vn85sh;vn;ВН-85;ТП-127 ввод с Л-18П-2 (п.Чална) (ЗН);false;11;0;0;1;0;1;true;ВН-85 Зашунтирован;true;ВН-85 Не зашунтирован;0;;0;0;0;0;0;3
vn86sh;vn;ВН-86;(ЗН);false;11;0;0;1;0;1;true;ВН-86 Зашунтирован;true;ВН-86 Не зашунтирован;0;;0;0;0;0;0;3
vn87sh;vn;ВН-87;ТП-357 ввод с Л-5-19 (ст.Деревянка) (ЗН);false;11;0;0;1;0;1;true;ВН-87 Зашунтирован;true;ВН-87 Не зашунтирован;0;;0;0;0;0;0;3
vn88sh;vn;ВН-88;ТП-357 ввод с Л-5-27 (ст.Деревянка) (ЗН);false;11;0;0;1;0;1;true;ВН-88 Зашунтирован;true;ВН-88 Не зашунтирован;0;;0;0;0;0;0;3
vn89sh;vn;ВН-89;ТП-48 ввод с Л-22П-13 (с.Деревянное) (ЗН);false;11;0;0;1;0;1;true;ВН-89 Зашунтирован;true;ВН-89 Не зашунтирован;0;;0;0;0;0;0;3
vn90sh;vn;ВН-90;ТП-48 ввод с Л-5-17 (с.Деревянное);false;11;0;0;1;0;1;true;ВН-90 Зашунтирован;true;ВН-90 Не зашунтирован;0;;0;0;0;0;0;3
vn91sh;vn;ВН-91;;false;11;0;0;1;0;1;true;ВН-91 Зашунтирован;true;ВН-91 Не зашунтирован;0;;0;0;0;0;0;3
vn92sh;vn;ВН-92;ТП-28 ввод со стороны ТП-29 (д.Шуйская Чупа) (ЗН);false;11;0;0;1;0;1;true;ВН-92 Зашунтирован;true;ВН-92 Не зашунтирован;0;;0;0;0;0;0;3
vn93sh;vn;ВН-93;ТП-28 ввод с Л-18П-3 от ТП-37 (д.Шуйская Чупа) (ЗН);false;11;0;0;1;0;1;true;ВН-93 Зашунтирован;true;ВН-93 Не зашунтирован;0;;0;0;0;0;0;3
vn94sh;vn;ВН-94;ТП-324 ввод с Л-18П-2;false;11;0;0;1;0;1;true;ВН-94 Зашунтирован;true;ВН-94 Не зашунтирован;0;;0;0;0;0;0;3
vn95sh;vn;ВН-95;ТП-324 ввод с Л-18П-2 КТП-119;false;11;0;0;1;0;1;true;ВН-95 Зашунтирован;true;ВН-95 Не зашунтирован;0;;0;0;0;0;0;3
vn96sh;vn;ВН-96;ТП-24 ввод с Л-2П-15 от ТП-22 (т/б Косалма);false;11;0;0;1;0;1;true;ВН-96 Зашунтирован;true;ВН-96 Не зашунтирован;0;;0;0;0;0;0;3
vn97sh;vn;ВН-97;ТП-24 ввод с Л-2П-15 от ВС-11 (т/б Косалма);false;11;0;0;1;0;1;true;ВН-97 Зашунтирован;true;ВН-97 Не зашунтирован;0;;0;0;0;0;0;3
vn98sh;vn;ВН-98;Л-21-7 между ТП-33 и ТП-212 (за ст.Шуйская);false;11;0;0;1;0;1;true;ВН-98 Зашунтирован;true;ВН-98 Не зашунтирован;0;;0;0;0;0;0;3
vn99sh;vn;ВН-99;ТП-185 вывод на ТП-186 Л-52П-12 (п.Мелиоративный) (ЗН);false;11;0;0;1;0;1;true;ВН-99 Зашунтирован;true;ВН-99 Не зашунтирован;0;;0;0;0;0;0;3
vn100sh;vn;ВН-100;ТП-185 вывод на КЛ ТП-186 Л-52П-2 (п.Мелиоративный) (ЗН);false;11;0;0;1;0;1;true;ВН-100 Зашунтирован;true;ВН-100 Не зашунтирован;0;;0;0;0;0;0;3
vn101sh;vn;ВН-101;ТП-186 ввод с ТП-185 Л-52П-12 (п.Мелиоративный) (ЗН);false;11;0;0;1;0;1;true;ВН-101 Зашунтирован;true;ВН-101 Не зашунтирован;0;;0;0;0;0;0;3
vn102sh;vn;ВН-102;ТП-186 ввод с ТП-185 Л-52П-2 (п.Мелиоративный) (ЗН);false;11;0;0;1;0;1;true;ВН-102 Зашунтирован;true;ВН-102 Не зашунтирован;0;;0;0;0;0;0;3
vn103sh;vn;ВН-103;ТП-41 вывод с ТП-2 Л-5-17 (с.Деревянное);false;11;0;0;1;0;1;true;ВН-103 Зашунтирован;true;ВН-103 Не зашунтирован;0;;0;0;0;0;0;3
vn104sh;vn;ВН-104;ТП-117 ввод с ТП-120 Л-18П-3 (г-н Бесовец);false;11;0;0;1;0;1;true;ВН-104 Зашунтирован;true;ВН-104 Не зашунтирован;0;;0;0;0;0;0;3
vn105sh;vn;ВН-105;ТП-375 вывод на ТП-378 (Нефтебаза);false;11;0;0;1;0;1;true;ВН-105 Зашунтирован;true;ВН-105 Не зашунтирован;0;;0;0;0;0;0;3
vn106sh;vn;ВН-106;ТП-43 ввод с ТП-48 Л-22П-13 (с.Деревянное) (ЗН);false;11;0;0;1;0;1;true;ВН-106 Зашунтирован;true;ВН-106 Не зашунтирован;0;;0;0;0;0;0;3
vn107sh;vn;ВН-107;ТП-43 ввод с ТП-2 Л-5-17 (с.Деревянное) (ЗН);false;11;0;0;1;0;1;true;ВН-107 Зашунтирован;true;ВН-107 Не зашунтирован;0;;0;0;0;0;0;3
vn108sh;vn;ВН-108;ТП-125 ввод с Л-18П-2 (п.Чална) (ЗН);false;11;0;0;1;0;1;true;ВН-108 Зашунтирован;true;ВН-108 Не зашунтирован;0;;0;0;0;0;0;3
vn109sh;vn;ВН-109;ТП-125 вывод Л-18П-2 к ТП-196, ВС-2 (п.Чална) (ЗН);false;11;0;0;1;0;1;true;ВН-109 Зашунтирован;true;ВН-109 Не зашунтирован;0;;0;0;0;0;0;3
vn110sh;vn;ВН-110;ТП-50 ввод с Л-38П-2 (Лососинное) (ЗН);false;11;0;0;1;0;1;true;ВН-110 Зашунтирован;true;ВН-110 Не зашунтирован;0;;0;0;0;0;0;3
vn111sh;vn;ВН-111;ТП-50 ввод с Л-38П-1 (Лососинное) (ЗН);false;11;0;0;1;0;1;true;ВН-111 Зашунтирован;true;ВН-111 Не зашунтирован;0;;0;0;0;0;0;3
vn112sh;vn;ВН-112;ТП-57 ввод с Л-82-11 от ТП-61 (п.Ладва);false;11;0;0;1;0;1;true;ВН-112 Зашунтирован;true;ВН-112 Не зашунтирован;0;;0;0;0;0;0;3
vn113sh;vn;ВН-113;ТП-57 вывод с Л-82-11 на ТП-66 (п.Ладва);false;11;0;0;1;0;1;true;ВН-113 Зашунтирован;true;ВН-113 Не зашунтирован;0;;0;0;0;0;0;3
vn114sh;vn;ВН-114;ТП-66 ввод  Л-82-11 с ТП-57 (п.Ладва);false;11;0;0;1;0;1;true;ВН-114 Зашунтирован;true;ВН-114 Не зашунтирован;0;;0;0;0;0;0;3
vn115sh;vn;ВН-115;ТП-66 вывод Л-82-11 в сторону ТП-60 и ТП-68 (п.Ладва);false;11;0;0;1;0;1;true;ВН-115 Зашунтирован;true;ВН-115 Не зашунтирован;0;;0;0;0;0;0;3
vn116sh;vn;ВН-116;РП-10 кВ ''Котельная'' ввод с ТП-185 (п.Мелиоративный) (ЗН);false;11;0;0;1;0;1;true;ВН-116 Зашунтирован;true;ВН-116 Не зашунтирован;0;;0;0;0;0;0;3
vn117sh;vn;ВН-117;РП-10 кВ ''Котельная'' ввод Л-52П-13 от П/ст 52П (п.Мелиоративный) (ЗН);false;11;0;0;1;0;1;true;ВН-117 Зашунтирован;true;ВН-117 Не зашунтирован;0;;0;0;0;0;0;3
vn118sh;vn;ВН-118;ТП-185 вывод на РП-10 кВ ''Котельная'' (п.Мелиоративный);false;11;0;0;1;0;1;true;ВН-118 Зашунтирован;true;ВН-118 Не зашунтирован;0;;0;0;0;0;0;3
vn119sh;vn;ВН-119;ТП-191 вывод на ТП-186 (п.Мелиоративный);false;11;0;0;1;0;1;true;ВН-119 Зашунтирован;true;ВН-119 Не зашунтирован;0;;0;0;0;0;0;3
vn120sh;vn;ВН-120;ТП-191 вывод на ТП-189 (п.Мелиоративный);false;11;0;0;1;0;1;true;ВН-120 Зашунтирован;true;ВН-120 Не зашунтирован;0;;0;0;0;0;0;3
vn121sh;vn;ВН-121;ТП-311 ввод на ВН-123 ТП-312 Л-82-3 (п.Ладва);false;11;0;0;1;0;1;true;ВН-121 Зашунтирован;true;ВН-121 Не зашунтирован;0;;0;0;0;0;0;3
vn122sh;vn;ВН-122;ТП-311 РМД-1 ввод с Л-82-3 (п.Ладва);false;11;0;0;1;0;1;true;ВН-122 Зашунтирован;true;ВН-122 Не зашунтирован;0;;0;0;0;0;0;3
vn123sh;vn;ВН-123;ТП-312 РМД-2 вывод на ВН-121 ТП-311 (п.Ладва);false;11;0;0;1;0;1;true;ВН-123 Зашунтирован;true;ВН-123 Не зашунтирован;0;;0;0;0;0;0;3
vn124sh;vn;ВН-124;ТП-312 РМД-2 вывод на Л-82-3 на ТП-100 (п.Ладва);false;11;0;0;1;0;1;true;ВН-124 Зашунтирован;true;ВН-124 Не зашунтирован;0;;0;0;0;0;0;3
vn125sh;vn;ВН-125;ТП-209 ввод Л-22П-1 с ТП-77 (д.Падозеро);false;11;0;0;1;0;1;true;ВН-125 Зашунтирован;true;ВН-125 Не зашунтирован;0;;0;0;0;0;0;3
vn126sh;vn;ВН-126;ТП-209 Л-22П-1 ТП-80;false;11;0;0;1;0;1;true;ВН-126 Зашунтирован;true;ВН-126 Не зашунтирован;0;;0;0;0;0;0;3
vn127sh;vn;ВН-127;ТП-58 ввод Л-38П-1 от ТП-50 с ВН-111 (Лососинное) (ЗН);false;11;0;0;1;0;1;true;ВН-127 Зашунтирован;true;ВН-127 Не зашунтирован;0;;0;0;0;0;0;3
vn128sh;vn;ВН-128;ТП-58 ввод Л-38П-2 от ТП-50 с ВН-110 (Лососинное) (ЗН);false;11;0;0;1;0;1;true;ВН-128 Зашунтирован;true;ВН-128 Не зашунтирован;0;;0;0;0;0;0;3
vn129sh;vn;ВН-129;ТП-80 ввод Л-22П-1 от ТП-209 (Пухта);false;11;0;0;1;0;1;true;ВН-129 Зашунтирован;true;ВН-129 Не зашунтирован;0;;0;0;0;0;0;3
vn130sh;vn;ВН-130;ТП-80 вывод Л-22П-1 к ТП-72 (Пухта);false;11;0;0;1;0;1;true;ВН-130 Зашунтирован;true;ВН-130 Не зашунтирован;0;;0;0;0;0;0;3
vn131sh;vn;ВН-131;ТП-129 ввод Л-18П-9 с ТП-127 (п.Чална) (ЗН);false;11;0;0;1;0;1;true;ВН-131 Зашунтирован;true;ВН-131 Не зашунтирован;0;;0;0;0;0;0;3
vn132sh;vn;ВН-132;ТП-129 вывод Л-18П-9 к ТП-130 (п.Чална) (ЗН);false;11;0;0;1;0;1;true;ВН-132 Зашунтирован;true;ВН-132 Не зашунтирован;0;;0;0;0;0;0;3
vn133sh;vn;ВН-133;ТП-112 ввод Л-18П-2;false;11;0;0;1;0;1;true;ВН-133 Зашунтирован;true;ВН-133 Не зашунтирован;0;;0;0;0;0;0;3
vn134sh;vn;ВН-134;ТП-112 вывод Л-18П-2 к ТП-113;false;11;0;0;1;0;1;true;ВН-134 Зашунтирован;true;ВН-134 Не зашунтирован;0;;0;0;0;0;0;3
vn135sh;vn;ВН-135;РП-10 кВ ''Котельная'' вывод на ТП-173 Т-2 (п.Мелиоративный) (ЗН);false;11;0;0;1;0;1;true;ВН-135 Зашунтирован;true;ВН-135 Не зашунтирован;0;;0;0;0;0;0;3
vn136sh;vn;ВН-136;РП-10 кВ ''Котельная'' вывод на ТП-173 Т-1 (п.Мелиоративный) (ЗН);false;11;0;0;1;0;1;true;ВН-136 Зашунтирован;true;ВН-136 Не зашунтирован;0;;0;0;0;0;0;3
vn137sh;vn;ВН-137;ТП-187 ввод с Л-52П-2 (п.Мелиоративный) (ЗН);false;11;0;0;1;0;1;true;ВН-137 Зашунтирован;true;ВН-137 Не зашунтирован;0;;0;0;0;0;0;3
vn138sh;vn;ВН-138;ТП-187 ввод с Л-52П-12 (п.Мелиоративный) (ЗН);false;11;0;0;1;0;1;true;ВН-138 Зашунтирован;true;ВН-138 Не зашунтирован;0;;0;0;0;0;0;3
vn139sh;vn;ВН-139;ТП-187 вывод Л-52П-12 к ТП-183 (п.Мелиоративный) (ЗН);false;11;0;0;1;0;1;true;ВН-139 Зашунтирован;true;ВН-139 Не зашунтирован;0;;0;0;0;0;0;3
vn140sh;vn;ВН-140;ВН-140;false;11;0;0;1;0;1;true;ВН-140 Зашунтирован;true;ВН-140 Не зашунтирован;0;;0;0;0;0;0;3
vn141sh;vn;ВН-141;ТП-83 ввод Л-6-2 (п.Пай);false;11;0;0;1;0;1;true;ВН-141 Зашунтирован;true;ВН-141 Не зашунтирован;0;;0;0;0;0;0;3
vn142sh;vn;ВН-142;ТП-83 ввод Л-6-2 резерв (п.Пай);false;11;0;0;1;0;1;true;ВН-142 Зашунтирован;true;ВН-142 Не зашунтирован;0;;0;0;0;0;0;3
vn143sh;vn;ВН-143;ТП-94 ввод с Л-82-4 от ТП-93 (п.Ладва-Ветка);false;11;0;0;1;0;1;true;ВН-143 Зашунтирован;true;ВН-143 Не зашунтирован;0;;0;0;0;0;0;3
vn144sh;vn;ВН-144;ТП-94 вывод Л-82-4 к ТП-217 и ВС-13 (п.Ладва-Ветка);false;11;0;0;1;0;1;true;ВН-144 Зашунтирован;true;ВН-144 Не зашунтирован;0;;0;0;0;0;0;3
vn145sh;vn;ВН-145;ТП-60 ввод Л-82-11 от ТП-66 (п.Ладва);false;11;0;0;1;0;1;true;ВН-145 Зашунтирован;true;ВН-145 Не зашунтирован;0;;0;0;0;0;0;3
vn146sh;vn;ВН-146;ТП-60 ввод Л-82-3 от ТП-70 (п.Ладва);false;11;0;0;1;0;1;true;ВН-146 Зашунтирован;true;ВН-146 Не зашунтирован;0;;0;0;0;0;0;3
vn147sh;vn;ВН-147;ТП-44 ввод Л-46П-19 от ТП-48 (с.Деревянное);false;11;0;0;1;0;1;true;ВН-147 Зашунтирован;true;ВН-147 Не зашунтирован;0;;0;0;0;0;0;3
vn148sh;vn;ВН-148;ТП-44 вывод Л-46П-19 от ТП-45 (с.Деревянное);false;11;0;0;1;0;1;true;ВН-148 Зашунтирован;true;ВН-148 Не зашунтирован;0;;0;0;0;0;0;3
vn149sh;vn;ВН-149;ВН-149;false;11;0;0;1;0;1;true;ВН-149 Зашунтирован;true;ВН-149 Не зашунтирован;0;;0;0;0;0;0;3
vn150sh;vn;ВН-150;ТП-189 ввод Л-52П-5 (п.Мелиоративный) (ЗН);false;11;0;0;1;0;1;true;ВН-150 Зашунтирован;true;ВН-150 Не зашунтирован;0;;0;0;0;0;0;3
vn151sh;vn;ВН-151;ТП-189 вывод Л-52П-5 к ТП-191 (п.Мелиоративный) (ЗН);false;11;0;0;1;0;1;true;ВН-151 Зашунтирован;true;ВН-151 Не зашунтирован;0;;0;0;0;0;0;3
vn152sh;vn;ВН-152;ТП-186 вывод к ТП-245 (п.Мелиоративный);false;11;0;0;1;0;1;true;ВН-152 Зашунтирован;true;ВН-152 Не зашунтирован;0;;0;0;0;0;0;3
vn153sh;vn;ВН-153;ТП-186 вывод к ТП-244 (п.Мелиоративный);false;11;0;0;1;0;1;true;ВН-153 Зашунтирован;true;ВН-153 Не зашунтирован;0;;0;0;0;0;0;3
vn154sh;vn;ВН-154;ТП-77 ввод с Л-22П-1 (п.Падозеро);false;11;0;0;1;0;1;true;ВН-154 Зашунтирован;true;ВН-154 Не зашунтирован;0;;0;0;0;0;0;3
vn155sh;vn;ВН-155;ТП-77 вывод с Л-22П-1 к ТП-209 (п.Падозеро);false;11;0;0;1;0;1;true;ВН-155 Зашунтирован;true;ВН-155 Не зашунтирован;0;;0;0;0;0;0;3
vn156sh;vn;ВН-156;ТП-7 вывод КЛ на ТП-8 ВН-159 (п.Птицефабрика);false;11;0;0;1;0;1;true;ВН-156 Зашунтирован;true;ВН-156 Не зашунтирован;0;;0;0;0;0;0;3
vn157sh;vn;ВН-157;ТП-7 вывод КЛ на ТП-8 ВН-158 (п.Птицефабрика);false;11;0;0;1;0;1;true;ВН-157 Зашунтирован;true;ВН-157 Не зашунтирован;0;;0;0;0;0;0;3
vn158sh;vn;ВН-158;ТП-8 ввод КЛ от ТП-7 ВН-157 (п.Птицефабрика);false;11;0;0;1;0;1;true;ВН-158 Зашунтирован;true;ВН-158 Не зашунтирован;0;;0;0;0;0;0;3
vn159sh;vn;ВН-159;ТП-8 ввод КЛ от ТП-7 ВН-156 (п.Птицефабрика);false;11;0;0;1;0;1;true;ВН-159 Зашунтирован;true;ВН-159 Не зашунтирован;0;;0;0;0;0;0;3
vn160sh;vn;ВН-160;ТП-2 ввод Л-5-17 от ТП-41 (с.Деревянное) (ЗН);false;11;0;0;1;0;1;true;ВН-160 Зашунтирован;true;ВН-160 Не зашунтирован;0;;0;0;0;0;0;3
vn161sh;vn;ВН-161;ТП-2 вывод Л-5-17 к ТП-43 (с.Деревянное) (ЗН);false;11;0;0;1;0;1;true;ВН-161 Зашунтирован;true;ВН-161 Не зашунтирован;0;;0;0;0;0;0;3
vn162sh;vn;ВН-162;ТП-246 вывод Л-18П-3 к ТП-123 (г-н Бесовец);false;11;0;0;1;0;1;true;ВН-162 Зашунтирован;true;ВН-162 Не зашунтирован;0;;0;0;0;0;0;3
vn163sh;vn;ВН-163;ТП-266 ввод Л-18П-3 к ТП-120 (г-н Бесовец);false;11;0;0;1;0;1;true;ВН-163 Зашунтирован;true;ВН-163 Не зашунтирован;0;;0;0;0;0;0;3
vn164sh;vn;ВН-164;ТП-266 ввод КЛ с РП-2 (г-н Бесовец);false;11;0;0;1;0;1;true;ВН-164 Зашунтирован;true;ВН-164 Не зашунтирован;0;;0;0;0;0;0;3
vn165sh;vn;ВН-165;ТП-400 ввод КЛ от Л-82-10;false;11;0;0;1;0;1;true;ВН-165 Зашунтирован;true;ВН-165 Не зашунтирован;0;;0;0;0;0;0;3
vn166sh;vn;ВН-166;ТП-400 ввод КЛ от Л-82-10;false;11;0;0;1;0;1;true;ВН-166 Зашунтирован;true;ВН-166 Не зашунтирован;0;;0;0;0;0;0;3
vn167sh;vn;ВН-167;ТП-400 секционный;false;11;0;0;1;0;1;true;ВН-167 Зашунтирован;true;ВН-167 Не зашунтирован;0;;0;0;0;0;0;3
vn168sh;vn;ВН-168;Л-82-4 РП-3 в сторону к ВС-13;false;11;0;0;1;0;1;true;ВН-168 Зашунтирован;true;ВН-168 Не зашунтирован;0;;0;0;0;0;0;3
vn169sh;vn;ВН-169;Л-82-4 РП-3 в сторону к ТП-94;false;11;0;0;1;0;1;true;ВН-169 Зашунтирован;true;ВН-169 Не зашунтирован;0;;0;0;0;0;0;3
vn170sh;vn;ВН-170;Л-82-4 РП-3 в сторону к ТП-338;false;11;0;0;1;0;1;true;ВН-170 Зашунтирован;true;ВН-170 Не зашунтирован;0;;0;0;0;0;0;3
vn171sh;vn;ВН-171;Л-82-4 РП-3 в сторону к ТП-217;false;11;0;0;1;0;1;true;ВН-171 Зашунтирован;true;ВН-171 Не зашунтирован;0;;0;0;0;0;0;3
vn172sh;vn;ВН-172;Л-82-4 РП-3 в сторону к ТП-217;false;11;0;0;1;0;1;true;ВН-172 Зашунтирован;true;ВН-172 Не зашунтирован;0;;0;0;0;0;0;3
vn1ksh;vn;ВН-1К;ТП-6К ввод КЛ от ТП-2К;false;11;0;0;1;0;1;true;ВН-1К Зашунтирован;true;ВН-1К Не зашунтирован;0;;0;0;0;0;0;3
vn2ksh;vn;ВН-2К;ТП-6К ввод КЛ от ТП-3К;false;11;0;0;1;0;1;true;ВН-2К Зашунтирован;true;ВН-2К Не зашунтирован;0;;0;0;0;0;0;3
vn3ksh;vn;ВН-3К;ТП-3К ввод КЛ от ТП-2К;false;11;0;0;1;0;1;true;ВН-3К Зашунтирован;true;ВН-3К Не зашунтирован;0;;0;0;0;0;0;3
vn4ksh;vn;ВН-4К;ТП-3К ввод КЛ от ТП-6К;false;11;0;0;1;0;1;true;ВН-4К Зашунтирован;true;ВН-4К Не зашунтирован;0;;0;0;0;0;0;3
vn173sh;vn;ВН-173;Л-46П-19 ввод на ТП-159;false;11;0;0;1;0;1;true;ВН-173 Зашунтирован;true;ВН-173 Не зашунтирован;0;;0;0;0;0;0;3
vn174sh;vn;ВН-174;Л-46П-19 вывод с ТП-159;false;11;0;0;1;0;1;true;ВН-174 Зашунтирован;true;ВН-174 Не зашунтирован;0;;0;0;0;0;0;3
vn175sh;vn;ВН-175;Л-46П-19 ввод на ТП-160;false;11;0;0;1;0;1;true;ВН-175 Зашунтирован;true;ВН-175 Не зашунтирован;0;;0;0;0;0;0;3
vn176sh;vn;ВН-176;Л-46П-19 вывод с ТП-160;false;11;0;0;1;0;1;true;ВН-176 Зашунтирован;true;ВН-176 Не зашунтирован;0;;0;0;0;0;0;3
vn177sh;vn;ВН-177;Л-23-18 ввод на ТП-202;false;11;0;0;1;0;1;true;ВН-177 Зашунтирован;true;ВН-177 Не зашунтирован;0;;0;0;0;0;0;3
vn178sh;vn;ВН-178;Л-23-18 вывод с ТП-202;false;11;0;0;1;0;1;true;ВН-178 Зашунтирован;true;ВН-178 Не зашунтирован;0;;0;0;0;0;0;3
vn179sh;vn;ВН-179;Л-5-19, п. Деревянка в сторону Орзеги;false;11;0;0;1;0;1;true;ВН-179 Зашунтирован;true;ВН-179 Не зашунтирован;0;;0;0;0;0;0;3
vntp102_1;vn;ТП102 ВН1;ТП102 ВН1;false;11;0;0;1;0;1;true;ТП102 ВН1 Включен;true;ТП102 ВН1 Выключен;0;;0;0;0;0;0;3
vntp102_1gr;vn;ТП102 ВН1;ТП102 ВН1;false;11;0;0;1;0;1;true;ТП102 ВН1 Заземлен;true;ТП102 ВН1 Не заземлен;0;;0;0;0;0;0;3
vntp102_1sh;vn;ТП102 ВН1;ТП102 ВН1;false;11;0;0;1;0;1;true;ТП102 ВН1 Зашунтирован;true;ТП102 ВН1 Не зашунтирован;0;;0;0;0;0;0;3
vntp102_2;vn;ТП102 ВН2;ТП102 ВН2;false;11;0;0;1;0;1;true;ТП102 ВН2 Включен;true;ТП102 ВН2 Выключен;0;;0;0;0;0;0;3
vntp102_2gr;vn;ТП102 ВН2;ТП102 ВН2;false;11;0;0;1;0;1;true;ТП102 ВН2 Заземлен;true;ТП102 ВН2 Не заземлен;0;;0;0;0;0;0;3
vntp102_2sh;vn;ТП102 ВН2;ТП102 ВН2;false;11;0;0;1;0;1;true;ТП102 ВН2 Зашунтирован;true;ТП102 ВН2 Не зашунтирован;0;;0;0;0;0;0;3
vntp102_3;vn;ТП102 ВН3;ТП102 ВН3;false;11;0;0;1;0;1;true;ТП102 ВН3 Включен;true;ТП102 ВН3 Выключен;0;;0;0;0;0;0;3
vntp102_3gr;vn;ТП102 ВН3;ТП102 ВН3;false;11;0;0;1;0;1;true;ТП102 ВН3 Заземлен;true;ТП102 ВН3 Не заземлен;0;;0;0;0;0;0;3
vntp102_3sh;vn;ТП102 ВН3;ТП102 ВН3;false;11;0;0;1;0;1;true;ТП102 ВН3 Зашунтирован;true;ТП102 ВН3 Не зашунтирован;0;;0;0;0;0;0;3
vntp102_4;vn;ТП102 ВН4;ТП102 ВН4;false;11;0;0;1;0;1;true;ТП102 ВН4 Включен;true;ТП102 ВН4 Выключен;0;;0;0;0;0;0;3
vntp102_4gr;vn;ТП102 ВН4;ТП102 ВН4;false;11;0;0;1;0;1;true;ТП102 ВН4 Заземлен;true;ТП102 ВН4 Не заземлен;0;;0;0;0;0;0;3
vntp102_4sh;vn;ТП102 ВН4;ТП102 ВН4;false;11;0;0;1;0;1;true;ТП102 ВН4 Зашунтирован;true;ТП102 ВН4 Не зашунтирован;0;;0;0;0;0;0;3
vntp130_1;vn;ТП130 ВН1;ТП130 ВН1;false;11;0;0;1;0;1;true;ТП130 ВН1 Включен;true;ТП130 ВН1 Выключен;0;;0;0;0;0;0;3
vntp130_1gr;vn;ТП130 ВН1;ТП130 ВН1;false;11;0;0;1;0;1;true;ТП130 ВН1 Заземлен;true;ТП130 ВН1 Не заземлен;0;;0;0;0;0;0;3
vntp130_1sh;vn;ТП130 ВН1;ТП130 ВН1;false;11;0;0;1;0;1;true;ТП130 ВН1 Зашунтирован;true;ТП130 ВН1 Не зашунтирован;0;;0;0;0;0;0;3
